trade_date,cash,positions_value,equity
20210104,1000000.0,0.0,1000000.0
20210105,1000000.0,0.0,1000000.0
20210106,1000000.0,0.0,1000000.0
20210107,1000000.0,0.0,1000000.0
20210108,1000000.0,0.0,1000000.0
20210111,1000000.0,0.0,1000000.0
20210112,1000000.0,0.0,1000000.0
20210113,1000000.0,0.0,1000000.0
20210114,1000000.0,0.0,1000000.0
20210115,1000000.0,0.0,1000000.0
20210118,1000000.0,0.0,1000000.0
20210119,1000000.0,0.0,1000000.0
20210120,1000000.0,0.0,1000000.0
20210121,1000000.0,0.0,1000000.0
20210122,1000000.0,0.0,1000000.0
20210125,1000000.0,0.0,1000000.0
20210126,1000000.0,0.0,1000000.0
20210127,1000000.0,0.0,1000000.0
20210128,1000000.0,0.0,1000000.0
20210129,1000000.0,0.0,1000000.0
20210201,455.09731364346226,1002437.5866003424,1002892.6839139858
20210202,455.09731364346226,1005639.66538531,1006094.7626989534
20210203,455.09731364346226,998145.2259174763,998600.3232311198
20210204,455.09731364346226,989337.6341926481,989792.7315062915
20210205,455.09731364346226,998815.9430771556,999271.040390799
20210208,455.09731364346226,1013348.8177268608,1013803.9150405042
20210209,455.09731364346226,1016140.3631979633,1016595.4605116068
20210210,455.09731364346226,1021475.8613507885,1021930.9586644319
20210218,455.09731364346226,1030686.118653165,1031141.2159668084
20210219,455.09731364346226,1041919.4893975301,1042374.5867111735
20210222,455.09731364346226,1059223.794877232,1059678.8921908755
20210223,455.09731364346226,1053050.8349809488,1053505.9322945923
20210224,455.09731364346226,1048822.3074089733,1049277.4047226168
20210225,455.09731364346226,1061439.7815271374,1061894.8788407808
20210226,455.09731364346226,1049223.727944211,1049678.8252578545
20210301,385.6262816336239,1056520.1419000449,1056905.7681816784
20210302,385.6262816336239,1058416.3859658304,1058802.0122474642
20210303,385.6262816336239,1072282.593477427,1072668.2197590605
20210304,385.6262816336239,1071945.6236929693,1072331.2499746028
20210305,385.6262816336239,1078125.1158280615,1078510.742109695
20210308,385.6262816336239,1068823.0823149635,1069208.708596597
20210309,385.6262816336239,1068201.8159898983,1068587.442271532
20210310,385.6262816336239,1066110.1062840482,1066495.732565682
20210311,385.6262816336239,1071417.4476975643,1071803.073979198
20210312,385.6262816336239,1076331.5763375403,1076717.202619174
20210315,385.6262816336239,1086774.8550595653,1087160.481341199
20210316,385.6262816336239,1090615.9465093764,1091001.5727910101
20210317,385.6262816336239,1083185.4835017568,1083571.1097833905
20210318,385.6262816336239,1082940.2352416166,1083325.8615232501
20210319,385.6262816336239,1073584.5904731876,1073970.2167548211
20210322,385.6262816336239,1084599.4781200704,1084985.104401704
20210323,385.6262816336239,1089895.815424842,1090281.4417064758
20210324,385.6262816336239,1093713.0414962103,1094098.6677778438
20210325,385.6262816336239,1089176.023317793,1089561.6495994264
20210326,385.6262816336239,1106304.2824476259,1106689.9087292594
20210329,385.6262816336239,1113600.9074167262,1113986.53369836
20210330,385.6262816336239,1107091.061966199,1107476.6882478325
20210331,385.6262816336239,1104404.132225121,1104789.7585067544
20210401,204.58427812872105,1095872.2473940803,1096076.831672209
20210402,204.58427812872105,1088678.4146771703,1088882.9989552991
20210406,204.58427812872105,1085849.0756743446,1086053.6599524734
20210407,204.58427812872105,1089445.6143232489,1089650.1986013777
20210408,204.58427812872105,1089089.5719457252,1089294.156223854
20210409,204.58427812872105,1088223.0177496753,1088427.6020278041
20210412,204.58427812872105,1094292.1256227556,1094496.7099008844
20210413,204.58427812872105,1089487.4948123281,1089692.079090457
20210414,204.58427812872105,1085107.1877555016,1085311.7720336304
20210415,204.58427812872105,1081827.3868588852,1082031.971137014
20210416,204.58427812872105,1087704.2034859546,1087908.7877640834
20210419,204.58427812872105,1089047.1838264496,1089251.7681045784
20210420,204.58427812872105,1087116.8880752274,1087321.4723533562
20210421,204.58427812872105,1085095.0715096248,1085299.6557877536
20210422,204.58427812872105,1078232.0443207105,1078436.6285988393
20210423,204.58427812872105,1077168.3027655382,1077372.887043667
20210426,204.58427812872105,1069079.0529000375,1069283.6371781663
20210427,204.58427812872105,1065428.9290400618,1065633.5133181906
20210428,204.58427812872105,1062357.921212732,1062562.505490861
20210429,204.58427812872105,1073023.189664996,1073227.7739431248
20210430,204.58427812872105,1068976.3488019956,1069180.9330801244
20210506,190.35364482196746,1072683.1834482749,1072873.5370930969
20210507,190.35364482196746,1077441.2666410897,1077631.6202859117
20210510,190.35364482196746,1076764.4683974627,1076954.8220422848
20210511,190.35364482196746,1079089.0551987821,1079279.4088436041
20210512,190.35364482196746,1082646.97918477,1082837.332829592
20210513,190.35364482196746,1080524.9338099652,1080715.2874547872
20210514,190.35364482196746,1088612.7975325894,1088803.1511774114
20210517,190.35364482196746,1085040.7800563476,1085231.1337011696
20210518,190.35364482196746,1084048.469884907,1084238.823529729
20210519,190.35364482196746,1078322.6072205263,1078512.9608653483
20210520,190.35364482196746,1080693.0472192583,1080883.4008640803
20210521,190.35364482196746,1077546.8918596788,1077737.2455045008
20210524,190.35364482196746,1079138.4851659464,1079328.8388107684
20210525,190.35364482196746,1088637.7952971193,1088828.1489419413
20210526,190.35364482196746,1086929.6547198014,1087120.0083646234
20210527,190.35364482196746,1087719.4234647271,1087909.7771095491
20210528,190.35364482196746,1089482.906584683,1089673.2602295051
20210531,190.35364482196746,1084794.6640552501,1084985.0177000721
20210601,228.50954399697275,1081254.9786903888,1081483.4882343858
20210602,228.50954399697275,1079455.2811278536,1079683.7906718506
20210603,228.50954399697275,1077928.0951113594,1078156.6046553564
20210604,228.50954399697275,1080344.3425969202,1080572.8521409172
20210607,228.50954399697275,1077764.1637482815,1077992.6732922785
20210608,228.50954399697275,1080870.4410460973,1081098.9505900943
20210609,228.50954399697275,1079339.7883138764,1079568.2978578734
20210610,228.50954399697275,1074114.2318629061,1074342.7414069031
20210611,228.50954399697275,1063597.0921501783,1063825.6016941753
20210615,228.50954399697275,1056791.2241752439,1057019.7337192409
20210616,228.50954399697275,1061150.9533385565,1061379.4628825535
20210617,228.50954399697275,1059687.7226703598,1059916.2322143568
20210618,228.50954399697275,1056852.793185647,1057081.302729644
20210621,228.50954399697275,1056428.5254591245,1056657.0350031215
20210622,228.50954399697275,1060085.206804808,1060313.716348805
20210623,228.50954399697275,1057143.4721725485,1057371.9817165455
20210624,228.50954399697275,1063663.4930028515,1063892.0025468485
20210625,228.50954399697275,1067955.9057814474,1068184.4153254444
20210628,228.50954399697275,1062767.193543057,1062995.703087054
20210629,228.50954399697275,1058725.3269025835,1058953.8364465805
20210630,228.50954399697275,1059307.408634793,1059535.91817879
20210701,54.427560354437446,1058626.8656403911,1058681.2932007455
20210702,54.427560354437446,1058499.6867204306,1058554.114280785
20210705,54.427560354437446,1058432.900533043,1058487.3280933974
20210706,54.427560354437446,1061216.0246894208,1061270.4522497752
20210707,54.427560354437446,1056627.6716696837,1056682.099230038
20210708,54.427560354437446,1053506.7880944523,1053561.2156548067
20210709,54.427560354437446,1053723.5614552293,1053777.9890155836
20210712,54.427560354437446,1050940.4372988518,1050994.8648592061
20210713,54.427560354437446,1051640.5919492326,1051695.019509587
20210714,54.427560354437446,1041667.3810139745,1041721.808574329
20210715,54.427560354437446,1040327.2774676074,1040381.7050279619
20210716,54.427560354437446,1040269.086250636,1040323.5138109905
20210719,54.427560354437446,1035903.6994535597,1035958.1270139142
20210720,54.427560354437446,1035511.7401640173,1035566.1677243718
20210721,54.427560354437446,1035920.3148451048,1035974.7424054593
20210722,54.427560354437446,1040148.1001925595,1040202.527752914
20210723,54.427560354437446,1037508.7703476874,1037563.1979080419
20210726,54.427560354437446,1030098.2550895402,1030152.6826498946
20210727,54.427560354437446,1023387.7075035955,1023442.13506395
20210728,54.427560354437446,1022833.3239735791,1022887.7515339336
20210729,54.427560354437446,1015342.875276811,1015397.3028371654
20210730,54.427560354437446,1011958.8519130644,1012013.2794734188
20210802,251.35489824871183,1014582.3138620835,1014833.6687603322
20210803,251.35489824871183,1011877.8239362509,1012129.1788344996
20210804,251.35489824871183,1010719.2412028563,1010970.596101105
20210805,251.35489824871183,1014183.4244977772,1014434.7793960259
20210806,251.35489824871183,1011725.8942321237,1011977.2491303724
20210809,251.35489824871183,1019371.4293295994,1019622.784227848
20210810,251.35489824871183,1022163.8464106172,1022415.2013088659
20210811,251.35489824871183,1026851.2080606308,1027102.5629588795
20210812,251.35489824871183,1023464.983221814,1023716.3381200627
20210813,251.35489824871183,1022565.2578292975,1022816.6127275461
20210816,251.35489824871183,1027613.3128422387,1027864.6677404874
20210817,251.35489824871183,1022029.0717529587,1022280.4266512074
20210818,251.35489824871183,1030400.323751894,1030651.6786501426
20210819,251.35489824871183,1029754.9385553186,1030006.2934535673
20210820,251.35489824871183,1027968.9239326799,1028220.2788309286
20210823,251.35489824871183,1033752.6472851443,1034004.002183393
20210824,251.35489824871183,1030670.9020226714,1030922.2569209201
20210825,251.35489824871183,1035527.6078707285,1035778.9627689772
20210826,251.35489824871183,1037876.3099553202,1038127.6648535689
20210827,251.35489824871183,1040814.5175673127,1041065.8724655614
20210830,251.35489824871183,1035327.1052131001,1035578.4601113488
20210831,251.35489824871183,1044728.145928899,1044979.5008271476
20210901,61.81948384265979,1057710.8381410898,1057772.6576249325
20210902,61.81948384265979,1058301.4037418752,1058363.223225718
20210903,61.81948384265979,1065016.5171614576,1065078.3366453003
20210906,61.81948384265979,1066923.380985306,1066985.2004691488
20210907,61.81948384265979,1075631.4743975415,1075693.2938813842
20210908,61.81948384265979,1084268.1265592757,1084329.9460431184
20210909,61.81948384265979,1085150.5150954642,1085212.334579307
20210910,61.81948384265979,1084671.537842059,1084733.3573259017
20210913,61.81948384265979,1086454.0477272363,1086515.867211079
20210914,61.81948384265979,1069062.0431324658,1069123.8626163085
20210915,61.81948384265979,1066881.6891937945,1066943.5086776372
20210916,61.81948384265979,1063509.3909707314,1063571.210454574
20210917,61.81948384265979,1060532.9842926927,1060594.8037765354
20210922,61.81948384265979,1050708.9554456926,1050770.7749295353
20210923,61.81948384265979,1060731.2888166576,1060793.1083005003
20210924,61.81948384265979,1050401.9715315234,1050463.791015366
20210927,61.81948384265979,1042644.7125107225,1042706.5319945652
20210928,61.81948384265979,1054812.3770737636,1054874.1965576063
20210929,61.81948384265979,1049349.7186111277,1049411.5380949704
20210930,61.81948384265979,1050391.864212346,1050453.6836961887
20211008,185.68303863312508,1059734.3872802332,1059920.0703188663
20211011,185.68303863312508,1065452.9153817045,1065638.5984203375
20211012,185.68303863312508,1063447.911879246,1063633.594917879
20211013,185.68303863312508,1057904.448619266,1058090.1316578991
20211014,185.68303863312508,1055133.244701776,1055318.927740409
20211015,185.68303863312508,1054573.1602319689,1054758.843270602
20211018,185.68303863312508,1056583.8626002858,1056769.5456389189
20211019,185.68303863312508,1058444.852364986,1058630.535403619
20211020,185.68303863312508,1059169.6062246345,1059355.2892632675
20211021,185.68303863312508,1066090.4449221613,1066276.1279607944
20211022,185.68303863312508,1063864.3413361826,1064050.0243748156
20211025,185.68303863312508,1063831.124628237,1064016.80766687
20211026,185.68303863312508,1060305.8421296861,1060491.5251683192
20211027,185.68303863312508,1055931.9119797081,1056117.5950183412
20211028,185.68303863312508,1051956.23186195,1052141.914900583
20211029,185.68303863312508,1055094.6347079263,1055280.3177465594
20211101,28.66910755586636,1070874.3894440301,1070903.058551586
20211102,28.66910755586636,1058407.4467384652,1058436.115846021
20211103,28.66910755586636,1061949.9296445036,1061978.5987520595
20211104,28.66910755586636,1061713.1490161903,1061741.8181237462
20211105,28.66910755586636,1058882.4528297533,1058911.1219373092
20211108,28.66910755586636,1061614.1046618954,1061642.7737694513
20211109,28.66910755586636,1059007.1481048297,1059035.8172123856
20211110,28.66910755586636,1055141.5151718387,1055170.1842793946
20211111,28.66910755586636,1069659.7700567013,1069688.4391642571
20211112,28.66910755586636,1063468.8385232927,1063497.5076308486
20211115,28.66910755586636,1064713.5262708846,1064742.1953784404
20211116,28.66910755586636,1061100.4305636694,1061129.0996712253
20211117,28.66910755586636,1059596.56588524,1059625.2349927959
20211118,28.66910755586636,1059103.6275408326,1059132.2966483885
20211119,28.66910755586636,1064548.2865548949,1064576.9556624508
20211122,28.66910755586636,1059039.3080909012,1059067.977198457
20211123,28.66910755586636,1060018.417613775,1060047.0867213309
20211124,28.66910755586636,1062023.2488072899,1062051.9179148457
20211125,28.66910755586636,1059425.614575335,1059454.283682891
20211126,28.66910755586636,1056371.867766055,1056400.536873611
20211129,28.66910755586636,1051773.0130717822,1051801.682179338
20211130,28.66910755586636,1049663.6508810127,1049692.3199885685
20211201,202.71734273189634,1056535.229729605,1056737.947072337
20211202,202.71734273189634,1057942.951117169,1058145.6684599011
20211203,202.71734273189634,1061635.923846093,1061838.641188825
20211206,202.71734273189634,1059741.1589964365,1059943.8763391685
20211207,202.71734273189634,1069299.511100925,1069502.228443657
20211208,202.71734273189634,1066055.95895085,1066258.676293582
20211209,202.71734273189634,1073558.152455049,1073760.869797781
20211210,202.71734273189634,1062429.7732253585,1062632.4905680905
20211213,202.71734273189634,1066497.1204239908,1066699.8377667228
20211214,202.71734273189634,1063925.9681799388,1064128.6855226709
20211215,202.71734273189634,1064124.4832049545,1064327.2005476865
20211216,202.71734273189634,1067411.665169278,1067614.38251201
20211217,202.71734273189634,1066477.629005375,1066680.346348107
20211220,202.71734273189634,1068104.6441832564,1068307.3615259884
20211221,202.71734273189634,1074533.346834862,1074736.064177594
20211222,202.71734273189634,1071266.9436358397,1071469.6609785717
20211223,202.71734273189634,1070627.2671376832,1070829.9844804152
20211224,202.71734273189634,1068056.1148936313,1068258.8322363633
20211227,202.71734273189634,1069757.2641936487,1069959.9815363807
20211228,202.71734273189634,1073490.1317468085,1073692.8490895405
20211229,202.71734273189634,1072180.2010344414,1072382.9183771734
20211230,202.71734273189634,1073767.4476372667,1073970.1649799987
20211231,202.71734273189634,1075897.3121589983,1076100.0295017303
20220104,197.63482307721097,1081337.94722117,1081535.582044247
20220105,197.63482307721097,1088210.3600154263,1088407.9948385034
20220106,197.63482307721097,1084968.5238416893,1085166.1586647665
20220107,197.63482307721097,1098033.4777147574,1098231.1125378346
20220110,197.63482307721097,1099420.110047987,1099617.744871064
20220111,197.63482307721097,1104635.985974245,1104833.6207973221
20220112,197.63482307721097,1100111.6862523744,1100309.3210754516
20220113,197.63482307721097,1103356.14981326,1103553.784636337
20220114,197.63482307721097,1087948.8673482586,1088146.5021713357
20220117,197.63482307721097,1086933.1423980214,1087130.7772210985
20220118,197.63482307721097,1098790.3622243279,1098987.997047405
20220119,197.63482307721097,1099663.6000353878,1099861.234858465
20220120,197.63482307721097,1104645.105602528,1104842.740425605
20220121,197.63482307721097,1104185.6076209364,1104383.2424440135
20220124,197.63482307721097,1098594.9967167287,1098792.6315398058
20220125,197.63482307721097,1084971.8253065993,1085169.4601296764
20220126,197.63482307721097,1088923.08316819,1089120.717991267
20220127,197.63482307721097,1086203.727461985,1086401.3622850622
20220128,197.63482307721097,1086513.3321892782,1086710.9670123553
20220207,104.8697058467369,1103410.12475699,1103514.9944628368
20220208,104.8697058467369,1121581.911595819,1121686.7813016658
20220209,104.8697058467369,1117942.7955521026,1118047.6652579494
20220210,104.8697058467369,1128059.2364495446,1128164.1061553913
20220211,104.8697058467369,1131035.8539229208,1131140.7236287675
20220214,104.8697058467369,1117431.4094166507,1117536.2791224974
20220215,104.8697058467369,1112254.1199402406,1112358.9896460874
20220216,104.8697058467369,1119312.646951732,1119417.5166575788
20220217,104.8697058467369,1119240.9668168821,1119345.836522729
20220218,104.8697058467369,1126857.6072490888,1126962.4769549356
20220221,104.8697058467369,1120644.2189602102,1120749.088666057
20220222,104.8697058467369,1115295.897678317,1115400.7673841638
20220223,104.8697058467369,1110026.0811639214,1110130.9508697682
20220224,104.8697058467369,1094589.06347925,1094693.9331850968
20220225,104.8697058467369,1092579.7292874504,1092684.5989932972
20220228,104.8697058467369,1092517.6565165466,1092622.5262223934
20220301,29.833053596710386,1097968.9920766552,1097998.825130252
20220302,29.833053596710386,1098203.3676463044,1098233.2006999012
20220303,29.833053596710386,1104528.88315866,1104558.7162122568
20220304,29.833053596710386,1102041.8507565795,1102071.6838101763
20220307,29.833053596710386,1092540.3250087064,1092570.1580623032
20220308,29.833053596710386,1074733.9772954753,1074763.810349072
20220309,29.833053596710386,1057580.7401260603,1057610.573179657
20220310,29.833053596710386,1065791.0782080938,1065820.9112616905
20220311,29.833053596710386,1076485.9268193136,1076515.7598729103
20220314,29.833053596710386,1067632.732419035,1067662.5654726317
20220315,29.833053596710386,1038351.3173112549,1038381.1503648516
20220316,29.833053596710386,1055917.6969836971,1055947.530037294
20220317,29.833053596710386,1052697.7530586442,1052727.586112241
20220318,29.833053596710386,1070266.6619523275,1070296.4950059243
20220321,29.833053596710386,1060390.8762968276,1060420.7093504244
20220322,29.833053596710386,1075505.1713159482,1075535.004369545
20220323,29.833053596710386,1073716.7159815796,1073746.5490351764
20220324,29.833053596710386,1071962.8980750472,1071992.731128644
20220325,29.833053596710386,1074071.0947831278,1074100.9278367246
20220328,29.833053596710386,1079207.7384283717,1079237.5714819685
20220329,29.833053596710386,1080570.5980326398,1080600.4310862366
20220330,29.833053596710386,1091024.8177645244,1091054.6508181212
20220331,29.833053596710386,1105205.6774901748,1105235.5105437716
20220401,165.41044822093681,1113074.030980245,1113239.441428466
20220406,165.41044822093681,1126832.138651928,1126997.549100149
20220407,165.41044822093681,1116915.7923038006,1117081.2027520216
20220408,165.41044822093681,1119488.9168594147,1119654.3273076357
20220411,165.41044822093681,1110038.2633941004,1110203.6738423214
20220412,165.41044822093681,1115231.2331546706,1115396.6436028916
20220413,165.41044822093681,1112990.4203841058,1113155.8308323268
20220414,165.41044822093681,1111060.1321611456,1111225.5426093666
20220415,165.41044822093681,1112082.0009281908,1112247.4113764118
20220418,165.41044822093681,1098458.9509785566,1098624.3614267777
20220419,165.41044822093681,1106479.4059024914,1106644.8163507124
20220420,165.41044822093681,1103866.5156071708,1104031.9260553918
20220421,165.41044822093681,1103794.2238487126,1103959.6342969337
20220422,165.41044822093681,1115593.5000732394,1115758.9105214605
20220425,165.41044822093681,1092323.0071325651,1092488.4175807862
20220426,165.41044822093681,1093031.9545261466,1093197.3649743677
20220427,165.41044822093681,1083462.6358723491,1083628.0463205702
20220428,165.41044822093681,1093351.6519827198,1093517.0624309408
20220429,165.41044822093681,1096370.3635751405,1096535.7740233615
20220505,341.7662396655651,1104753.4332281863,1105095.1994678518
20220506,341.7662396655651,1091132.2633963763,1091474.0296360417
20220509,341.7662396655651,1088620.0627123562,1088961.828952022
20220510,341.7662396655651,1092624.1695775178,1092965.9358171835
20220511,341.7662396655651,1087601.820241736,1087943.5864814017
20220512,341.7662396655651,1084664.1477871065,1085005.9140267721
20220513,341.7662396655651,1092157.5443579394,1092499.310597605
20220516,341.7662396655651,1086339.5674038571,1086681.3336435226
20220517,341.7662396655651,1086057.0693011677,1086398.8355408334
20220518,341.7662396655651,1081801.007748098,1082142.7739877636
20220519,341.7662396655651,1078080.0330080695,1078421.7992477352
20220520,341.7662396655651,1084508.5609699148,1084850.3272095802
20220523,341.7662396655651,1078990.254353226,1079332.0205928916
20220524,341.7662396655651,1074139.6964005562,1074481.4626402217
20220525,341.7662396655651,1074487.998618017,1074829.7648576824
20220526,341.7662396655651,1077334.6181593116,1077676.3843989773
20220527,341.7662396655651,1077091.0814558628,1077432.8476955285
20220530,341.7662396655651,1073551.4605018385,1073893.226741504
20220531,341.7662396655651,1076483.8321000694,1076825.598339735
20220601,215.46686187132855,1073887.1401459058,1074102.607007777
20220602,215.46686187132855,1073938.258018221,1074153.7248800923
20220606,215.46686187132855,1069921.763155056,1070137.2300169272
20220607,215.46686187132855,1070767.557581742,1070983.0244436134
20220608,215.46686187132855,1074818.115394068,1075033.5822559393
20220609,215.46686187132855,1081323.7359156734,1081539.2027775447
20220610,215.46686187132855,1084810.3450757284,1085025.8119375997
20220613,215.46686187132855,1076315.6067017962,1076531.0735636675
20220614,215.46686187132855,1086291.5784337241,1086507.0452955954
20220615,215.46686187132855,1092503.7259157524,1092719.1927776237
20220616,215.46686187132855,1080915.2269152757,1081130.693777147
20220617,215.46686187132855,1084251.3427090822,1084466.8095709535
20220620,215.46686187132855,1079249.0157489602,1079464.4826108315
20220621,215.46686187132855,1086163.2037685765,1086378.6706304478
20220622,215.46686187132855,1082186.1637726033,1082401.6306344746
20220623,215.46686187132855,1088423.7116993403,1088639.1785612116
20220624,215.46686187132855,1086265.439513207,1086480.9063750783
20220627,215.46686187132855,1085946.2490460232,1086161.7159078945
20220628,215.46686187132855,1084886.441899842,1085101.9087617132
20220629,215.46686187132855,1089614.4882940096,1089829.955155881
20220630,215.46686187132855,1089198.0415296897,1089413.508391561
20220701,118.89382238120743,1088153.5516081424,1088272.4454305237
20220704,118.89382238120743,1088464.7845304224,1088583.6783528037
20220705,118.89382238120743,1090504.2465467858,1090623.140369167
20220706,118.89382238120743,1081434.9591596576,1081553.8529820389
20220707,118.89382238120743,1076112.0400305463,1076230.9338529275
20220708,118.89382238120743,1077597.269027251,1077716.1628496323
20220711,118.89382238120743,1080214.2405378444,1080333.1343602256
20220712,118.89382238120743,1086423.5539400745,1086542.4477624558
20220713,118.89382238120743,1078707.2902607117,1078826.184083093
20220714,118.89382238120743,1070511.4223660335,1070630.3161884148
20220715,118.89382238120743,1060979.842214995,1061098.7360373763
20220718,118.89382238120743,1072679.7009648595,1072798.5947872407
20220719,118.89382238120743,1077479.4547239367,1077598.348546318
20220720,118.89382238120743,1079626.69460188,1079745.5884242612
20220721,118.89382238120743,1071207.4719976652,1071326.3658200465
20220722,118.89382238120743,1075172.1909281702,1075291.0847505515
20220725,118.89382238120743,1075735.387938654,1075854.2817610353
20220726,118.89382238120743,1078815.457026949,1078934.3508493302
20220727,118.89382238120743,1074801.569888744,1074920.4637111253
20220728,118.89382238120743,1077041.0716432284,1077159.9654656097
20220729,118.89382238120743,1072572.3233247702,1072691.2171471515
20220801,179.90323241485748,1066545.930338557,1066725.833570972
20220802,179.90323241485748,1056327.0378146926,1056506.9410471073
20220803,179.90323241485748,1055009.0880420955,1055188.9912745105
20220804,179.90323241485748,1060057.3737408048,1060237.2769732196
20220805,179.90323241485748,1063871.0107852798,1064050.9140176945
20220808,179.90323241485748,1062814.8593370547,1062994.7625694694
20220809,179.90323241485748,1064790.7067406382,1064970.609973053
20220810,179.90323241485748,1063558.3104269872,1063738.213659402
20220811,179.90323241485748,1071712.3557764173,1071892.2590088323
20220812,179.90323241485748,1072787.9832186024,1072967.886451017
20220815,179.90323241485748,1069678.9555493179,1069858.8587817326
20220816,179.90323241485748,1066888.5226068906,1067068.4258393054
20220817,179.90323241485748,1073311.6647538599,1073491.5679862746
20220818,179.90323241485748,1068458.1522567193,1068638.055489134
20220819,179.90323241485748,1059781.4077572008,1059961.3109896155
20220822,179.90323241485748,1057233.5097276124,1057413.4129600273
20220823,179.90323241485748,1056411.1728346793,1056591.0760670942
20220824,179.90323241485748,1051876.454703377,1052056.3579357918
20220825,179.90323241485748,1061674.9443915193,1061854.847623934
20220826,179.90323241485748,1061678.7860584822,1061858.689290897
20220829,179.90323241485748,1062403.334802854,1062583.238035269
20220830,179.90323241485748,1068677.2811391058,1068857.1843715208
20220831,179.90323241485748,1068330.6857768185,1068510.5890092333
20220901,73.65084008348111,1065411.5084106417,1065485.159250725
20220902,73.65084008348111,1067351.5911836638,1067425.2420237472
20220905,73.65084008348111,1074258.729332882,1074332.3801729653
20220906,73.65084008348111,1081163.4519069414,1081237.1027470247
20220907,73.65084008348111,1077841.359492636,1077915.0103327194
20220908,73.65084008348111,1077982.758185924,1078056.4090260074
20220909,73.65084008348111,1085945.672690337,1086019.3235304204
20220913,73.65084008348111,1083348.088359599,1083421.7391996824
20220914,73.65084008348111,1076323.079290697,1076396.7301307803
20220915,73.65084008348111,1079666.283903448,1079739.9347435313
20220916,73.65084008348111,1063473.3282659207,1063546.9791060041
20220919,73.65084008348111,1067059.703008174,1067133.3538482573
20220920,73.65084008348111,1068598.773850072,1068672.4246901553
20220921,73.65084008348111,1072244.2887986908,1072317.9396387741
20220922,73.65084008348111,1080860.7259772301,1080934.3768173135
20220923,73.65084008348111,1084922.9228335447,1084996.573673628
20220926,73.65084008348111,1064590.575573815,1064664.2264138984
20220927,73.65084008348111,1065588.0615782728,1065661.7124183562
20220928,73.65084008348111,1065172.0756971927,1065245.726537276
20220929,73.65084008348111,1060222.1618085308,1060295.8126486142
20220930,73.65084008348111,1067635.0333170085,1067708.684157092
20221010,383.7019644085958,1069962.4466982563,1070346.148662665
20221011,383.7019644085958,1071184.1512444103,1071567.853208819
20221012,383.7019644085958,1079256.2208123044,1079639.922776713
20221013,383.7019644085958,1075219.3408294902,1075603.0427938988
20221014,383.7019644085958,1083733.5568713394,1084117.258835748
20221017,383.7019644085958,1087398.9080282135,1087782.6099926222
20221018,383.7019644085958,1085035.4787963196,1085419.1807607282
20221019,383.7019644085958,1074949.9095901493,1075333.611554558
20221020,383.7019644085958,1071695.0059460618,1072078.7079104704
20221021,383.7019644085958,1067676.1430790813,1068059.84504349
20221024,383.7019644085958,1055286.4620425748,1055670.1640069834
20221025,383.7019644085958,1054049.875603733,1054433.5775681415
20221026,383.7019644085958,1053921.6952979853,1054305.397262394
20221027,383.7019644085958,1052543.7193568782,1052927.4213212868
20221028,383.7019644085958,1026925.7439605099,1027309.4459249185
20221031,383.7019644085958,1018174.1132835905,1018557.8152479992
20221101,156.23922932267305,1018596.9172330259,1018753.1564623485
20221102,156.23922932267305,1017347.3582675222,1017503.5974968448
20221103,156.23922932267305,1014447.2580054431,1014603.4972347658
20221104,156.23922932267305,1024709.6683036569,1024865.9075329795
20221107,156.23922932267305,1028782.7316751879,1028938.9709045106
20221108,156.23922932267305,1027681.0441713304,1027837.283400653
20221109,156.23922932267305,1028227.5637645175,1028383.8029938402
20221110,156.23922932267305,1030030.7865354754,1030187.025764798
20221111,156.23922932267305,1038292.3168967287,1038448.5561260513
20221114,156.23922932267305,1042127.770771222,1042284.0100005446
20221115,156.23922932267305,1045235.9783190906,1045392.2175484132
20221116,156.23922932267305,1041544.5003370591,1041700.7395663818
20221117,156.23922932267305,1043377.9472904057,1043534.1865197284
20221118,156.23922932267305,1042096.4049184363,1042252.644147759
20221121,156.23922932267305,1041542.7411129824,1041698.980342305
20221122,156.23922932267305,1050361.8308488738,1050518.0700781965
20221123,156.23922932267305,1057301.6113882621,1057457.8506175848
20221124,156.23922932267305,1054426.7127552012,1054582.9519845238
20221125,156.23922932267305,1068937.5281701938,1069093.7673995164
20221128,156.23922932267305,1063562.8940524457,1063719.1332817683
20221129,156.23922932267305,1074922.3935751999,1075078.6328045225
20221130,156.23922932267305,1073803.728485754,1073959.9677150766
20221201,37.89496672356472,1065911.67660185,1065949.5715685736
20221202,37.89496672356472,1063550.384491528,1063588.2794582515
20221205,37.89496672356472,1077704.4529899145,1077742.347956638
20221206,37.89496672356472,1079526.9479209024,1079564.842887626
20221207,37.89496672356472,1075550.4481710154,1075588.343137739
20221208,37.89496672356472,1086276.4047777401,1086314.2997444638
20221209,37.89496672356472,1085070.8898818372,1085108.7848485608
20221212,37.89496672356472,1074055.6067258436,1074093.5016925673
20221213,37.89496672356472,1080511.437361007,1080549.3323277307
20221214,37.89496672356472,1082297.9327748865,1082335.8277416101
20221215,37.89496672356472,1073231.3393993357,1073269.2343660593
20221216,37.89496672356472,1084504.8964423223,1084542.791409046
20221219,37.89496672356472,1071951.897734451,1071989.7927011747
20221220,37.89496672356472,1063574.5299933893,1063612.424960113
20221221,37.89496672356472,1064847.743318538,1064885.6382852616
20221222,37.89496672356472,1066866.997528807,1066904.8924955307
20221223,37.89496672356472,1063151.7343203938,1063189.6292871174
20221226,37.89496672356472,1057705.2619660771,1057743.1569328008
20221227,37.89496672356472,1069379.3533293258,1069417.2482960494
20221228,37.89496672356472,1075892.6890506183,1075930.584017342
20221229,37.89496672356472,1072629.9926925732,1072667.8876592969
20221230,37.89496672356472,1077915.3056000432,1077953.2005667668
20230103,824.266592498665,1080329.8849682724,1081154.151560771
20230104,824.266592498665,1088387.3925576485,1089211.659150147
20230105,824.266592498665,1089756.4224050783,1090580.688997577
20230106,824.266592498665,1088866.196927782,1089690.4635202806
20230109,824.266592498665,1087522.8965523753,1088347.163144874
20230110,824.266592498665,1084264.1970290788,1085088.4636215775
20230111,824.266592498665,1084419.5873145747,1085243.8539070734
20230112,824.266592498665,1084163.837960625,1084988.1045531237
20230113,824.266592498665,1090295.3386166778,1091119.6052091764
20230116,824.266592498665,1087055.7536257291,1087880.0202182278
20230117,824.266592498665,1089264.7408679968,1090089.0074604955
20230118,824.266592498665,1091684.851653282,1092509.1182457807
20230119,824.266592498665,1096761.4455816962,1097585.7121741949
20230120,824.266592498665,1098726.6839910867,1099550.9505835853
20230130,824.266592498665,1099152.8548749741,1099977.1214674728
20230131,824.266592498665,1107452.8336872947,1108277.1002797934
20230201,149.2088807819905,1112370.3134975377,1112519.5223783196
20230202,149.2088807819905,1109769.1704177381,1109918.37929852
20230203,149.2088807819905,1103225.7292953937,1103374.9381761756
20230206,149.2088807819905,1102499.0733976325,1102648.2822784144
20230207,149.2088807819905,1108366.080768058,1108515.28964884
20230208,149.2088807819905,1103703.5369787505,1103852.7458595324
20230209,149.2088807819905,1110469.1537994966,1110618.3626802785
20230210,149.2088807819905,1109774.493626809,1109923.7025075909
20230213,149.2088807819905,1113520.0491821957,1113669.2580629776
20230214,149.2088807819905,1113833.2416473231,1113982.450528105
20230215,149.2088807819905,1109087.3850177238,1109236.5938985057
20230216,149.2088807819905,1101993.9669258317,1102143.1758066136
20230217,149.2088807819905,1100400.783027299,1100549.9919080809
20230220,149.2088807819905,1134068.11799901,1134217.326879792
20230221,149.2088807819905,1165946.9124807045,1166096.1213614864
20230222,149.2088807819905,1181240.9811767985,1181390.1900575804
20230223,149.2088807819905,1181206.0034623237,1181355.2123431056
20230224,149.2088807819905,1171170.9505555823,1171320.1594363642
20230227,149.2088807819905,1168095.3154962857,1168244.5243770676
20230228,149.2088807819905,1166948.59656174,1167097.8054425218
20230301,321.41471214112244,1168513.30641741,1168834.721129551
20230302,321.41471214112244,1172979.2570205815,1173300.6717327225
20230303,321.41471214112244,1182348.121537102,1182669.536249243
20230306,321.41471214112244,1179702.886634614,1180024.3013467551
20230307,321.41471214112244,1186863.035364858,1187184.4500769991
20230308,321.41471214112244,1189809.145092375,1190130.5598045161
20230309,321.41471214112244,1185967.5756397217,1186288.9903518627
20230310,321.41471214112244,1173423.2255771856,1173744.6402893267
20230313,321.41471214112244,1184088.3171665985,1184409.7318787395
20230314,321.41471214112244,1181195.9531033365,1181517.3678154775
20230315,321.41471214112244,1192655.4829537016,1192976.8976658427
20230316,321.41471214112244,1200273.7631180119,1200595.177830153
20230317,321.41471214112244,1202677.829985525,1202999.244697666
20230320,321.41471214112244,1208257.8265930205,1208579.2413051615
20230321,321.41471214112244,1195924.8935293406,1196246.3082414817
20230322,321.41471214112244,1207992.2197359423,1208313.6344480834
20230323,321.41471214112244,1210284.4423607271,1210605.8570728682
20230324,321.41471214112244,1199466.1982217603,1199787.6129339014
20230327,321.41471214112244,1193332.925020984,1193654.339733125
20230328,321.41471214112244,1201617.299230067,1201938.713942208
20230329,321.41471214112244,1200663.336339028,1200984.7510511691
20230330,321.41471214112244,1204198.1150551457,1204519.5297672867
20230331,321.41471214112244,1201240.4914342896,1201561.9061464306
20230403,2366.110776831192,1199850.2386451196,1202216.3494219508
20230404,2366.110776831192,1200423.5255777696,1202789.6363546008
20230406,2366.110776831192,1198280.6518401962,1200646.7626170274
20230407,2366.110776831192,1200083.4538825005,1202449.5646593317
20230410,2366.110776831192,1200984.9688906157,1203351.079667447
20230411,2366.110776831192,1202401.1813868908,1204767.292163722
20230412,2366.110776831192,1207223.5313419972,1209589.6421188284
20230413,2366.110776831192,1209050.2706820113,1211416.3814588424
20230414,2366.110776831192,1211136.6304457875,1213502.7412226186
20230417,2366.110776831192,1221824.3115301142,1224190.4223069453
20230418,2366.110776831192,1222888.1892115916,1225254.2999884228
20230419,2366.110776831192,1224150.5444001027,1226516.6551769339
20230420,2366.110776831192,1223533.26767228,1225899.3784491112
20230421,2366.110776831192,1219614.5696121035,1221980.6803889347
20230424,2366.110776831192,1219164.6153575424,1221530.7261343736
20230425,2366.110776831192,1219937.0621355318,1222303.172912363
20230426,2366.110776831192,1217586.730749047,1219952.841525878
20230427,2366.110776831192,1223668.7346499567,1226034.8454267879
20230428,2366.110776831192,1228817.1476948082,1231183.2584716394
20230504,80.53618973764242,1239790.6650444462,1239871.201234184
20230505,80.53618973764242,1250315.2943870504,1250395.8305767882
20230508,80.53618973764242,1280625.2644577988,1280705.8006475365
20230509,80.53618973764242,1259602.4251244848,1259682.9613142225
20230510,80.53618973764242,1261506.1408796574,1261586.677069395
20230511,80.53618973764242,1280793.222401752,1280873.7585914896
20230512,80.53618973764242,1286352.6966192112,1286433.232808949
20230515,80.53618973764242,1286596.6928778584,1286677.2290675961
20230516,80.53618973764242,1279606.4334696268,1279686.9696593645
20230517,80.53618973764242,1277749.2190752884,1277829.7552650261
20230518,80.53618973764242,1270794.342091288,1270874.8782810257
20230519,80.53618973764242,1269735.558667693,1269816.0948574308
20230522,80.53618973764242,1273604.1949379593,1273684.731127697
20230523,80.53618973764242,1275754.5760136575,1275835.1122033952
20230524,80.53618973764242,1268298.39986115,1268378.9360508877
20230525,80.53618973764242,1273334.7534741347,1273415.2896638724
20230526,80.53618973764242,1276809.430427077,1276889.9666168147
20230529,80.53618973764242,1277649.6002356834,1277730.136425421
20230530,80.53618973764242,1273340.1559770987,1273420.6921668365
20230531,80.53618973764242,1266285.5795742355,1266366.1157639732
20230601,107.03691473801155,1256355.1616227492,1256462.198537487
20230602,107.03691473801155,1270253.212866245,1270360.2497809832
20230605,107.03691473801155,1273229.0744968655,1273336.1114116036
20230606,107.03691473801155,1253627.1144420893,1253734.1513568275
20230607,107.03691473801155,1248092.3013629892,1248199.3382777274
20230608,107.03691473801155,1261654.022174618,1261761.059089356
20230609,107.03691473801155,1257236.6418771967,1257343.6787919346
20230612,107.03691473801155,1257639.264237161,1257746.3011518992
20230613,107.03691473801155,1250846.130356594,1250953.167271332
20230614,107.03691473801155,1241196.5214838283,1241303.5583985662
20230615,107.03691473801155,1242318.5574431566,1242425.5943578947
20230616,107.03691473801155,1247436.590713699,1247543.6276284372
20230619,107.03691473801155,1232515.3183270972,1232622.3552418351
20230620,107.03691473801155,1223167.6927497282,1223274.7296644663
20230621,107.03691473801155,1214499.493824016,1214606.5307387542
20230626,107.03691473801155,1204087.8508280446,1204194.8877427825
20230627,107.03691473801155,1219831.610028077,1219938.6469428148
20230628,107.03691473801155,1225628.5732924247,1225735.6102071628
20230629,107.03691473801155,1223249.478878136,1223356.5157928742
20230630,107.03691473801155,1233370.3702880729,1233477.407202811
20230703,122.59699345656554,1244298.7361634816,1244421.3331569382
20230704,122.59699345656554,1241341.8079937433,1241464.4049872
20230705,122.59699345656554,1246909.220118258,1247031.8171117145
20230706,122.59699345656554,1245273.5742351594,1245396.171228616
20230707,122.59699345656554,1250934.389295063,1251056.9862885196
20230710,122.59699345656554,1259048.8928300817,1259171.4898235383
20230711,122.59699345656554,1257239.8999024518,1257362.4968959084
20230712,122.59699345656554,1258013.5797911067,1258136.1767845633
20230713,122.59699345656554,1262587.0033535224,1262709.600346979
20230714,122.59699345656554,1261606.9002600298,1261729.4972534864
20230717,122.59699345656554,1260738.018270682,1260860.6152641387
20230718,122.59699345656554,1265515.4973927804,1265638.094386237
20230719,122.59699345656554,1268057.03370609,1268179.6306995465
20230720,122.59699345656554,1269406.2434978855,1269528.8404913421
20230721,122.59699345656554,1268990.5875021706,1269113.1844956272
20230724,122.59699345656554,1263078.841591359,1263201.4385848157
20230725,122.59699345656554,1275581.7731889607,1275704.3701824173
20230726,122.59699345656554,1285216.885169448,1285339.4821629047
20230727,122.59699345656554,1283330.6889413926,1283453.2859348492
20230728,122.59699345656554,1293358.6854099785,1293481.282403435
20230731,122.59699345656554,1298386.6889409407,1298509.2859343973
20230801,126.37370287001613,1301427.3033747035,1301553.6770775735
20230802,126.37370287001613,1295149.0348481599,1295275.4085510299
20230803,126.37370287001613,1294604.706489798,1294731.080192668
20230804,126.37370287001613,1292744.8686488026,1292871.2423516726
20230807,126.37370287001613,1290623.0510422557,1290749.4247451257
20230808,126.37370287001613,1289305.8105679795,1289432.1842708495
20230809,126.37370287001613,1283275.4003160074,1283401.7740188774
20230810,126.37370287001613,1300414.9476449213,1300541.3213477912
20230811,126.37370287001613,1276631.384525695,1276757.7582285649
20230814,126.37370287001613,1274184.4004348104,1274310.7741376804
20230815,126.37370287001613,1271761.9793480383,1271888.3530509083
20230816,126.37370287001613,1264390.9833212493,1264517.3570241192
20230817,126.37370287001613,1265867.7758066715,1265994.1495095415
20230818,126.37370287001613,1263642.4009615756,1263768.7746644455
20230821,126.37370287001613,1263812.4241995162,1263938.7979023862
20230822,126.37370287001613,1251160.056415828,1251286.430118698
20230823,126.37370287001613,1249593.1444808869,1249719.5181837569
20230824,126.37370287001613,1236449.1410637032,1236575.5147665732
20230825,126.37370287001613,1237873.2981980108,1237999.6719008808
20230828,126.37370287001613,1258509.3060793318,1258635.6797822018
20230829,126.37370287001613,1249000.5322655085,1249126.9059683785
20230830,126.37370287001613,1236966.2986535965,1237092.6723564665
20230831,126.37370287001613,1231858.0814294317,1231984.4551323017
20230901,83.05426677138894,1252683.2805894262,1252766.3348561975
20230904,83.05426677138894,1306683.15107233,1306766.2053391014
20230905,83.05426677138894,1302093.1791447885,1302176.2334115598
20230906,83.05426677138894,1286215.488499272,1286298.5427660432
20230907,83.05426677138894,1280639.0757195426,1280722.1299863139
20230908,83.05426677138894,1268697.713829724,1268780.7680964952
20230911,83.05426677138894,1276974.9538185736,1277058.008085345
20230912,83.05426677138894,1271435.180626491,1271518.2348932624
20230913,83.05426677138894,1269725.3158678953,1269808.3701346666
20230914,83.05426677138894,1275700.8627608493,1275783.9170276206
20230915,83.05426677138894,1275550.8855576061,1275633.9398243774
20230918,83.05426677138894,1277847.702623778,1277930.7568905493
20230919,83.05426677138894,1279798.4000012907,1279881.454268062
20230920,83.05426677138894,1274556.5953580027,1274639.649624774
20230921,83.05426677138894,1261918.6900537007,1262001.744320472
20230922,83.05426677138894,1261734.4726652207,1261817.526931992
20230925,83.05426677138894,1264452.5628074885,1264535.6170742598
20230926,83.05426677138894,1254334.8057292355,1254417.8599960068
20230927,83.05426677138894,1256737.5215642017,1256820.575830973
20230928,83.05426677138894,1259151.8871634859,1259234.9414302572
20231009,89.67683726548421,1263595.9116227976,1263685.588460063
20231010,89.67683726548421,1248404.0841770305,1248493.761014296
20231011,89.67683726548421,1234876.9817766289,1234966.6586138944
20231012,89.67683726548421,1253939.5964715083,1254029.2733087738
20231013,89.67683726548421,1244039.5478905332,1244129.2247277987
20231016,89.67683726548421,1243878.279198871,1243967.9560361365
20231017,89.67683726548421,1251221.7159682594,1251311.3928055249
20231018,89.67683726548421,1239670.5441739848,1239760.2210112503
20231019,89.67683726548421,1227936.4626276982,1228026.1394649637
20231020,89.67683726548421,1229641.3138718223,1229730.9907090878
20231023,89.67683726548421,1212110.1593596302,1212199.8361968957
20231024,89.67683726548421,1218234.3040575811,1218323.9808948466
20231025,89.67683726548421,1230698.8480288656,1230788.5248661311
20231026,89.67683726548421,1228554.3524330421,1228644.0292703076
20231027,89.67683726548421,1235865.2776805228,1235954.9545177883
20231030,89.67683726548421,1232178.3533824969,1232268.0302197624
20231031,89.67683726548421,1234641.466556458,1234731.1433937235
20231101,280.7538153694186,1225640.9741474702,1225921.7279628396
20231102,280.7538153694186,1224119.6942163967,1224400.448031766
20231103,280.7538153694186,1234821.828255822,1235102.5820711914
20231106,280.7538153694186,1238076.547934293,1238357.3017496625
20231107,280.7538153694186,1234904.7779163157,1235185.5317316852
20231108,280.7538153694186,1245520.9586227713,1245801.7124381408
20231109,280.7538153694186,1245546.613486936,1245827.3673023055
20231110,280.7538153694186,1249771.6768159466,1250052.430631316
20231113,280.7538153694186,1254065.5701111744,1254346.3239265438
20231114,280.7538153694186,1258534.3713201303,1258815.1251354998
20231115,280.7538153694186,1264276.5248385319,1264557.2786539013
20231116,280.7538153694186,1256825.592125916,1257106.3459412854
20231117,280.7538153694186,1260696.997375126,1260977.7511904954
20231120,280.7538153694186,1296740.4318524774,1297021.1856678468
20231121,280.7538153694186,1419050.1549971895,1419330.908812559
20231122,280.7538153694186,1552241.9178988715,1552522.671714241
20231123,280.7538153694186,1507640.901691907,1507921.6555072765
20231124,280.7538153694186,1686192.5571699375,1686473.310985307
20231127,280.7538153694186,1829148.4120049905,1829429.16582036
20231128,280.7538153694186,1714476.0677596529,1714756.8215750223
20231129,280.7538153694186,1568908.2265055373,1569188.9803209067
20231130,280.7538153694186,1599958.6176985381,1600239.3715139076
20231201,457.9631179916905,1596410.0723196447,1596868.0354376365
20231204,457.9631179916905,1595894.7438748176,1596352.7069928092
20231205,457.9631179916905,1574013.97758432,1574471.9407023117
20231206,457.9631179916905,1570498.7427063314,1570956.705824323
20231207,457.9631179916905,1575376.3174869632,1575834.2806049548
20231208,457.9631179916905,1566166.7113988388,1566624.6745168306
20231211,457.9631179916905,1581135.8580698485,1581593.8211878403
20231212,457.9631179916905,1592381.856036762,1592839.8191547538
20231213,457.9631179916905,1577693.9845565737,1578151.9476745655
20231214,457.9631179916905,1578292.2192979099,1578750.1824159017
20231215,457.9631179916905,1568388.0200447075,1568845.9831626993
20231218,457.9631179916905,1584125.9119810453,1584583.8750990368
20231219,457.9631179916905,1584291.392043864,1584749.3551618555
20231220,457.9631179916905,1578047.4242919565,1578505.3874099483
20231221,457.9631179916905,1582558.2650843728,1583016.2282023644
20231222,457.9631179916905,1587877.97610392,1588335.9392219116
20231225,457.9631179916905,1573343.163246822,1573801.1263648137
20231226,457.9631179916905,1577607.2187243975,1578065.181842389
20231227,457.9631179916905,1573076.7693891232,1573534.7325071148
20231228,457.9631179916905,1582487.185838202,1582945.1489561936
20231229,457.9631179916905,1615654.537224115,1616112.500342107
20240102,316.27654613786217,1603107.0889672716,1603423.3655134095
20240103,316.27654613786217,1613140.4859202732,1613456.762466411
20240104,316.27654613786217,1618355.514217503,1618671.7907636408
20240105,316.27654613786217,1624423.8127263773,1624740.0892725151
20240108,316.27654613786217,1608962.7785295453,1609279.0550756832
20240109,316.27654613786217,1619330.3779590707,1619646.6545052086
20240110,316.27654613786217,1615453.3837739371,1615769.660320075
20240111,316.27654613786217,1616712.270837631,1617028.547383769
20240112,316.27654613786217,1625181.5117115113,1625497.7882576492
20240115,316.27654613786217,1637050.6071226173,1637366.8836687552
20240116,316.27654613786217,1647182.0327344972,1647498.309280635
20240117,316.27654613786217,1638631.921723173,1638948.1982693109
20240118,316.27654613786217,1630274.363327456,1630590.6398735938
20240119,316.27654613786217,1627703.4947792247,1628019.7713253626
20240122,316.27654613786217,1586399.8256464528,1586716.1021925907
20240123,316.27654613786217,1598333.3670168936,1598649.6435630315
20240124,316.27654613786217,1624794.756487032,1625111.0330331698
20240125,316.27654613786217,1652937.2947904454,1653253.5713365832
20240126,316.27654613786217,1673701.2568273728,1674017.5333735107
20240129,316.27654613786217,1676509.3468129619,1676825.6233590997
20240130,316.27654613786217,1656138.7713985802,1656455.047944718
20240131,316.27654613786217,1653735.5747438185,1654051.8512899564
20240201,1099.4130662033567,1627374.908878708,1628474.3219449115
20240202,1099.4130662033567,1634252.3824566756,1635351.7955228789
20240205,1099.4130662033567,1628932.569864201,1630031.9829304041
20240206,1099.4130662033567,1669115.2649700914,1670214.6780362949
20240207,1099.4130662033567,1687287.36048903,1688386.7735552331
20240208,1099.4130662033567,1701925.8418361216,1703025.254902325
20240219,1099.4130662033567,1716136.6273345132,1717236.0404007165
20240220,1099.4130662033567,1728020.481723505,1729119.8947897083
20240221,1099.4130662033567,1732511.3376785035,1733610.750744707
20240222,1099.4130662033567,1757875.829220874,1758975.2422870775
20240223,1099.4130662033567,1761739.1616215252,1762838.5746877287
20240226,1099.4130662033567,1735749.462295686,1736848.8753618891
20240227,1099.4130662033567,1739834.3520236248,1740933.765089828
20240228,1099.4130662033567,1733546.0366593748,1734645.449725578
20240229,1099.4130662033567,1747442.4433458964,1748541.8564120997
20240301,0.6935404306277633,1744809.3342072887,1744810.0277477193
20240304,0.6935404306277633,1736015.5678705447,1736016.2614109754
20240305,0.6935404306277633,1762359.9684679748,1762360.6620084054
20240306,0.6935404306277633,1750898.962523988,1750899.6560644186
20240307,0.6935404306277633,1757836.9128343647,1757837.6063747953
20240308,0.6935404306277633,1763105.4899498867,1763106.1834903173
20240311,0.6935404306277633,1759914.8407596925,1759915.534300123
20240312,0.6935404306277633,1736444.423478291,1736445.1170187215
20240313,0.6935404306277633,1737566.5157094758,1737567.2092499065
20240314,0.6935404306277633,1744164.8666874592,1744165.5602278898
20240315,0.6935404306277633,1766728.218199689,1766728.9117401196
20240318,0.6935404306277633,1762420.2940612433,1762420.987601674
20240319,0.6935404306277633,1754712.1023656526,1754712.7959060832
20240320,0.6935404306277633,1767923.2034403686,1767923.8969807993
20240321,0.6935404306277633,1777421.973818486,1777422.6673589167
20240322,0.6935404306277633,1776884.6674679238,1776885.3610083545
20240325,0.6935404306277633,1787269.249182205,1787269.9427226356
20240326,0.6935404306277633,1798033.4141693444,1798034.107709775
20240327,0.6935404306277633,1800619.1076390524,1800619.801179483
20240328,0.6935404306277633,1767332.1369893495,1767332.8305297801
20240329,0.6935404306277633,1773212.3683741086,1773213.0619145392
20240401,734.614746326406,1781241.9660895783,1781976.5808359047
20240402,734.614746326406,1794316.9540519232,1795051.5687982496
20240403,734.614746326406,1796213.1748677155,1796947.7896140418
20240408,734.614746326406,1798912.6767631003,1799647.2915094267
20240409,734.614746326406,1783997.6005039038,1784732.2152502302
20240410,734.614746326406,1778735.0959798703,1779469.7107261966
20240411,734.614746326406,1806714.7590074232,1807449.3737537495
20240412,734.614746326406,1801972.7061600161,1802707.3209063425
20240415,734.614746326406,1825936.1184126395,1826670.7331589658
20240416,734.614746326406,1817576.1156297883,1818310.7303761146
20240417,734.614746326406,1845549.9729678158,1846284.5877141422
20240418,734.614746326406,1843137.9903246441,1843872.6050709705
20240419,734.614746326406,1860327.366601113,1861061.9813474393
20240422,734.614746326406,1847615.8794349048,1848350.4941812311
20240423,734.614746326406,1822317.042181387,1823051.6569277134
20240424,734.614746326406,1823194.6932150018,1823929.3079613282
20240425,734.614746326406,1846714.655352344,1847449.2700986704
20240426,734.614746326406,1852177.0170269574,1852911.6317732837
20240429,734.614746326406,1844288.7029615382,1845023.3177078646
20240430,734.614746326406,1846517.195715562,1847251.8104618883
20240506,830.5278151240782,1859355.6166513856,1860186.1444665096
20240507,830.5278151240782,1858503.7040051743,1859334.2318202984
20240508,830.5278151240782,1856494.1698117084,1857324.6976268324
20240509,830.5278151240782,1911549.1548279119,1912379.682643036
20240510,830.5278151240782,1934698.5916806378,1935529.1194957618
20240513,830.5278151240782,1966660.5570051377,1967491.0848202617
20240514,830.5278151240782,1971206.252439012,1972036.780254136
20240515,830.5278151240782,1982331.8470408637,1983162.3748559877
20240516,830.5278151240782,1993706.8513971881,1994537.3792123122
20240517,830.5278151240782,2023797.0543509647,2024627.5821660887
20240520,830.5278151240782,2031234.2798687916,2032064.8076839156
20240521,830.5278151240782,2041064.0426438819,2041894.570459006
20240522,830.5278151240782,2035803.2947550553,2036633.8225701794
20240523,830.5278151240782,2028150.327636694,2028980.855451818
20240524,830.5278151240782,2017804.7609508624,2018635.2887659865
20240527,830.5278151240782,2069429.3161467435,2070259.8439618675
20240528,830.5278151240782,2073700.4784453772,2074531.0062605012
20240529,830.5278151240782,2062550.6156551745,2063381.1434702985
20240530,830.5278151240782,2033392.44311663,2034222.970931754
20240531,830.5278151240782,2033180.6892087853,2034011.2170239093
20240603,1226.5692493387032,2005965.2448673001,2007191.8141166389
20240604,1226.5692493387032,2005596.1376127577,2006822.7068620964
20240605,1226.5692493387032,1970304.5396249811,1971531.1088743198
20240606,1226.5692493387032,1959520.2500820598,1960746.8193313985
20240607,1226.5692493387032,1979975.5816957508,1981202.1509450895
20240611,1226.5692493387032,1960444.8535403702,1961671.422789709
20240612,1226.5692493387032,1957546.0449211954,1958772.614170534
20240613,1226.5692493387032,1937636.6255971128,1938863.1948464515
20240614,1226.5692493387032,1954287.1588375778,1955513.7280869165
20240617,1226.5692493387032,1937141.4089778257,1938367.9782271644
20240618,1226.5692493387032,1936225.7813926819,1937452.3506420206
20240619,1226.5692493387032,1941949.2542440267,1943175.8234933654
20240620,1226.5692493387032,1916899.9314247721,1918126.5006741108
20240621,1226.5692493387032,1917886.7909925645,1919113.3602419032
20240624,1226.5692493387032,1896289.1199625395,1897515.6892118782
20240625,1226.5692493387032,1903773.8150432887,1905000.3842926275
20240626,1226.5692493387032,1922294.1987038609,1923520.7679531996
20240627,1226.5692493387032,1912357.4867847285,1913584.0560340672
20240628,1226.5692493387032,1928517.5551692322,1929744.124418571
20240701,80.05365013092523,1962871.6356635098,1962951.6893136408
20240702,80.05365013092523,1974110.8268099318,1974190.8804600628
20240703,80.05365013092523,1966243.4141640444,1966323.4678141754
20240704,80.05365013092523,1954371.7262160163,1954451.7798661473
20240705,80.05365013092523,1946447.3234805218,1946527.3771306528
20240708,80.05365013092523,1942361.962728037,1942442.016378168
20240709,80.05365013092523,1966374.7867005947,1966454.8403507257
20240710,80.05365013092523,1952960.5542706908,1953040.6079208218
20240711,80.05365013092523,1950462.286978541,1950542.340628672
20240712,80.05365013092523,1962579.2223876403,1962659.2760377713
20240715,80.05365013092523,1976438.445056599,1976518.49870673
20240716,80.05365013092523,1974412.7728251864,1974492.8264753174
20240717,80.05365013092523,1976089.5262597338,1976169.5799098648
20240718,80.05365013092523,1969341.4369128454,1969421.4905629763
20240719,80.05365013092523,1959548.2659907695,1959628.3196409005
20240722,80.05365013092523,1935964.5254939212,1936044.5791440522
20240723,80.05365013092523,1932683.7235833777,1932763.7772335086
20240724,80.05365013092523,1930914.8904586253,1930994.9441087563
20240725,80.05365013092523,1927825.4893640266,1927905.5430141576
20240726,80.05365013092523,1934809.7497384492,1934889.8033885802
20240729,80.05365013092523,1945613.565530757,1945693.619180888
20240730,80.05365013092523,1936800.13273803,1936880.186388161
20240731,80.05365013092523,1959946.2430750937,1960026.2967252247
20240801,215.45029539824463,1959087.5548118255,1959303.0051072238
20240802,215.45029539824463,1948053.1357135095,1948268.5860089078
20240805,215.45029539824463,1927045.5089289667,1927260.959224365
20240806,215.45029539824463,1944378.7789849371,1944594.2292803354
20240807,215.45029539824463,1941242.2392971427,1941457.689592541
20240808,215.45029539824463,1955796.7280901275,1956012.1783855257
20240809,215.45029539824463,1962876.077897028,1963091.5281924263
20240812,215.45029539824463,1970321.90545859,1970537.3557539883
20240813,215.45029539824463,1979072.0439781984,1979287.4942735967
20240814,215.45029539824463,1977716.340211195,1977931.7905065932
20240815,215.45029539824463,1988913.5024121602,1989128.9527075584
20240816,215.45029539824463,1977298.8174377475,1977514.2677331457
20240819,215.45029539824463,1989145.246432007,1989360.6967274053
20240820,215.45029539824463,1962226.3936422793,1962441.8439376776
20240821,215.45029539824463,1949953.9224912894,1950169.3727866877
20240822,215.45029539824463,1941647.8698010796,1941863.3200964779
20240823,215.45029539824463,1928542.8839376122,1928758.3342330104
20240826,215.45029539824463,1939360.9596396259,1939576.409935024
20240827,215.45029539824463,1912777.266651566,1912992.7169469642
20240828,215.45029539824463,1902036.4359859317,1902251.88628133
20240829,215.45029539824463,1893970.652798831,1894186.1030942292
20240830,215.45029539824463,1894987.1580234773,1895202.6083188755
20240902,12.87178839281114,1875357.118829548,1875369.9906179407
20240903,12.87178839281114,1878183.7019647374,1878196.5737531302
20240904,12.87178839281114,1870000.1575437926,1870013.0293321854
20240905,12.87178839281114,1880273.4456664124,1880286.3174548051
20240906,12.87178839281114,1867130.5417819915,1867143.4135703843
20240909,12.87178839281114,1850174.5162870078,1850187.3880754006
20240910,12.87178839281114,1846232.1853102604,1846245.0570986532
20240911,12.87178839281114,1819781.696190958,1819794.5679793507
20240912,12.87178839281114,1818612.5139386663,1818625.385727059
20240913,12.87178839281114,1811301.4371698382,1811314.308958231
20240918,12.87178839281114,1812731.3829078667,1812744.2546962595
20240919,12.87178839281114,1835469.0277193391,1835481.899507732
20240920,12.87178839281114,1834683.9909017766,1834696.8626901694
20240923,12.87178839281114,1842385.2493267385,1842398.1211151313
20240924,12.87178839281114,1912063.989108207,1912076.8608965997
20240925,12.87178839281114,1939473.3727028258,1939486.2444912186
20240926,12.87178839281114,2016998.4179238952,2017011.289712288
20240927,12.87178839281114,2087730.5190878455,2087743.3908762382
20240930,12.87178839281114,2235652.3658819683,2235665.237670361
20241008,789.8839035691926,2278248.632620976,2279038.516524545
20241009,789.8839035691926,2107615.693886912,2108405.577790481
20241010,789.8839035691926,2130363.8662539166,2131153.7501574857
20241011,789.8839035691926,2099750.458658458,2100540.3425620273
20241014,789.8839035691926,2128807.840917201,2129597.72482077
20241015,789.8839035691926,2093389.1250131037,2094179.0089166728
20241016,789.8839035691926,2091421.1845507524,2092211.0684543215
20241017,789.8839035691926,2063597.4600765582,2064387.3439801275
20241018,789.8839035691926,2092212.1537306397,2093002.0376342088
20241021,789.8839035691926,2099765.7315358976,2100555.6154394667
20241022,789.8839035691926,2131644.339694908,2132434.223598477
20241023,789.8839035691926,2148279.274699482,2149069.158603051
20241024,789.8839035691926,2175244.484067096,2176034.367970665
20241025,789.8839035691926,2209550.89646827,2210340.780371839
20241028,789.8839035691926,2270060.0138396807,2270849.89774325
20241029,789.8839035691926,2252716.4989809245,2253506.3828844936
20241030,789.8839035691926,2238375.6380681926,2239165.5219717617
20241031,789.8839035691926,2253606.826455239,2254396.7103588083
20241101,546.399956576759,2237148.4681772897,2237694.868133866
20241104,546.399956576759,2284111.0505035818,2284657.4504601583
20241105,546.399956576759,2305124.2328859307,2305670.632842507
20241106,546.399956576759,2305917.863616259,2306464.2635728354
20241107,546.399956576759,2364043.3750381526,2364589.774994729
20241108,546.399956576759,2344372.3183935885,2344918.7183501655
20241111,546.399956576759,2370380.959704787,2370927.359661364
20241112,546.399956576759,2353395.1119670225,2353941.511923599
20241113,546.399956576759,2353977.8272766857,2354524.2272332627
20241114,546.399956576759,2319114.7448989507,2319661.144855527
20241115,546.399956576759,2323400.940700477,2323947.3406570535
20241118,546.399956576759,2339863.4601053046,2340409.860061881
20241119,546.399956576759,2394917.4423581185,2395463.842314695
20241120,546.399956576759,2399310.382179489,2399856.782136066
20241121,546.399956576759,2393141.704300797,2393688.104257374
20241122,546.399956576759,2308802.3992848005,2309348.799241377
20241125,546.399956576759,2335755.45214091,2336301.852097487
20241126,546.399956576759,2321079.104479408,2321625.5044359844
20241127,546.399956576759,2341184.7602517274,2341731.1602083044
20241128,546.399956576759,2328850.53609202,2329396.936048597
20241129,546.399956576759,2354642.7487800186,2355189.148736595
20241202,645.1289169032716,2361379.003987078,2362024.1329039815
20241203,645.1289169032716,2386476.561848441,2387121.6907653445
20241204,645.1289169032716,2397849.3092696182,2398494.4381865216
20241205,645.1289169032716,2382671.1671570167,2383316.29607392
20241206,645.1289169032716,2396984.08781862,2397629.216735523
20241209,645.1289169032716,2421307.4344987925,2421952.563415696
20241210,645.1289169032716,2408673.634767197,2409318.7636841005
20241211,645.1289169032716,2420291.4944716226,2420936.623388526
20241212,645.1289169032716,2434387.2812817367,2435032.41019864
20241213,645.1289169032716,2392095.0054829083,2392740.1343998117
20241216,645.1289169032716,2415423.5251746303,2416068.6540915337
20241217,645.1289169032716,2386153.7707583494,2386798.899675253
20241218,645.1289169032716,2389277.3239295534,2389922.452846457
20241219,645.1289169032716,2375110.4126735753,2375755.5415904787
20241220,645.1289169032716,2362460.9485612237,2363106.077478127
20241223,645.1289169032716,2363962.684132961,2364607.8130498645
20241224,645.1289169032716,2377297.2928625466,2377942.42177945
20241225,645.1289169032716,2394695.7138267625,2395340.842743666
20241226,645.1289169032716,2361494.181683982,2362139.310600885
20241227,645.1289169032716,2372387.736490423,2373032.8654073263
20241230,645.1289169032716,2394582.1295186277,2395227.258435531
20241231,645.1289169032716,2382306.7150087617,2382951.843925665
20250102,422.99074233200054,2319555.24463322,2319978.235375552
20250103,422.99074233200054,2301698.477182151,2302121.4679244827
20250106,422.99074233200054,2319969.393259929,2320392.384002261
20250107,422.99074233200054,2313951.460187502,2314374.450929834
20250108,422.99074233200054,2298222.328067462,2298645.318809794
20250109,422.99074233200054,2272906.680266307,2273329.671008639
20250110,422.99074233200054,2240140.2175120357,2240563.2082543676
20250113,422.99074233200054,2225964.7063241974,2226387.697066529
20250114,422.99074233200054,2288595.452703276,2289018.443445608
20250115,422.99074233200054,2293637.8256540177,2294060.8163963496
20250116,422.99074233200054,2312200.917538055,2312623.908280387
20250117,422.99074233200054,2303619.379979169,2304042.370721501
20250120,422.99074233200054,2299645.869461368,2300068.8602036997
20250121,422.99074233200054,2295184.088420819,2295607.079163151
20250122,422.99074233200054,2269719.457524034,2270142.448266366
20250123,422.99074233200054,2288129.6311465125,2288552.6218888443
20250124,422.99074233200054,2298607.4726067293,2299030.463349061
20250127,422.99074233200054,2333780.8343034675,2334203.8250457994
20250205,996.3343143011443,2303348.1345563764,2304344.4688706775
20250206,996.3343143011443,2305047.2197791236,2306043.5540934247
20250207,996.3343143011443,2319276.2962255278,2320272.630539829
20250210,996.3343143011443,2304594.548638733,2305590.8829530342
20250211,996.3343143011443,2303020.895978769,2304017.23029307
20250212,996.3343143011443,2292378.567254667,2293374.9015689683
20250213,996.3343143011443,2299751.159927376,2300747.494241677
20250214,996.3343143011443,2292814.677551305,2293811.011865606
20250217,996.3343143011443,2282273.353893213,2283269.688207514
20250218,996.3343143011443,2278484.2750601475,2279480.6093744487
20250219,996.3343143011443,2266792.81207186,2267789.146386161
20250220,996.3343143011443,2252551.3017659136,2253547.6360802148
20250221,996.3343143011443,2242828.573085793,2243824.907400094
20250224,996.3343143011443,2239048.787423229,2240045.12173753
20250225,996.3343143011443,2235790.6217534714,2236786.9560677726
20250226,996.3343143011443,2255737.636043992,2256733.970358293
20250227,996.3343143011443,2249012.1852295003,2250008.5195438014
20250228,996.3343143011443,2236310.030902443,2237306.365216744
20250303,872.5232003687652,2240496.7567067277,2241369.2799070966
20250304,872.5232003687652,2237864.032759484,2238736.555959853
20250305,872.5232003687652,2250349.819359432,2251222.342559801
20250306,872.5232003687652,2255000.843003845,2255873.366204214
20250307,872.5232003687652,2246618.714132054,2247491.2373324228
20250310,872.5232003687652,2250153.768976514,2251026.292176883
20250311,872.5232003687652,2258374.274916897,2259246.798117266
20250312,872.5232003687652,2261320.0509497756,2262192.5741501446
20250313,872.5232003687652,2281465.535580152,2282338.058780521
20250314,872.5232003687652,2295009.1270778035,2295881.6502781725
20250317,872.5232003687652,2293302.6276646443,2294175.1508650132
20250318,872.5232003687652,2280082.0173029783,2280954.5405033473
20250319,872.5232003687652,2286320.6869829884,2287193.2101833574
20250320,872.5232003687652,2282449.5147568765,2283322.0379572455
20250321,872.5232003687652,2279907.9560122453,2280780.4792126142
20250324,872.5232003687652,2284127.4703188026,2284999.9935191716
20250325,872.5232003687652,2345787.3008086397,2346659.8240090087
20250326,872.5232003687652,2319768.1793948584,2320640.7025952274
20250327,872.5232003687652,2310823.196150071,2311695.71935044
20250328,872.5232003687652,2295873.905119319,2296746.428319688
20250331,872.5232003687652,2272190.4082445577,2273062.9314449267
20250401,1136.8673916499606,2286817.3858691403,2287954.2532607904
20250402,1136.8673916499606,2289028.868810645,2290165.736202295
20250403,1136.8673916499606,2304870.1119128116,2306006.9793044617
20250407,1136.8673916499606,2170820.0434095687,2171956.910801219
20250408,1136.8673916499606,2233920.689961934,2235057.557353584
20250409,1136.8673916499606,2231242.7751289587,2232379.642520609
20250410,1136.8673916499606,2244977.850897262,2246114.718288912
20250411,1136.8673916499606,2217973.0955674034,2219109.9629590535
20250414,1136.8673916499606,2228507.3430726486,2229644.2104642987
20250415,1136.8673916499606,2242092.817342802,2243229.684734452
20250416,1136.8673916499606,2243287.691990824,2244424.559382474
20250417,1136.8673916499606,2244219.7141833734,2245356.5815750235
20250418,1136.8673916499606,2247310.148318964,2248447.015710614
20250421,1136.8673916499606,2237446.566054063,2238583.433445713
20250422,1136.8673916499606,2249774.5185464723,2250911.3859381224
20250423,1136.8673916499606,2235505.7108170367,2236642.578208687
20250424,1136.8673916499606,2268045.8643396874,2269182.7317313375
20250425,1136.8673916499606,2269667.814698968,2270804.682090618
20250428,1136.8673916499606,2262893.863607743,2264030.730999393
20250429,1136.8673916499606,2243379.7284473088,2244516.595838959
20250430,1136.8673916499606,2245293.9033629894,2246430.7707546395
20250506,1678.3073760500993,2251918.2169436403,2253596.52431969
20250507,1678.3073760500993,2266416.745567569,2268095.052943619
20250508,1678.3073760500993,2283031.959294156,2284710.266670206
20250509,1678.3073760500993,2289059.278666779,2290737.586042829
20250512,1678.3073760500993,2286061.54698846,2287739.8543645097
20250513,1678.3073760500993,2300695.012392595,2302373.319768645
20250514,1678.3073760500993,2317176.782851732,2318855.090227782
20250515,1678.3073760500993,2301342.3886541384,2303020.6960301884
20250516,1678.3073760500993,2288820.414447556,2290498.7218236057
20250519,1678.3073760500993,2284803.9147759588,2286482.2221520087
20250520,1678.3073760500993,2290336.8108041547,2292015.1181802046
20250521,1678.3073760500993,2302140.2088563396,2303818.5162323895
20250522,1678.3073760500993,2307442.237333158,2309120.544709208
20250523,1678.3073760500993,2288186.9294064417,2289865.2367824917
20250526,1678.3073760500993,2277769.418130595,2279447.7255066447
20250527,1678.3073760500993,2296943.4389073034,2298621.7462833533
20250528,1678.3073760500993,2317355.3026397363,2319033.6100157863
20250529,1678.3073760500993,2315622.1390724755,2317300.4464485254
20250530,1678.3073760500993,2328433.580961281,2330111.888337331
20250603,4199.82446206014,2331586.084972325,2335785.909434385
20250604,4199.82446206014,2337037.682900708,2341237.5073627685
20250605,4199.82446206014,2319334.659577514,2323534.4840395744
20250606,4199.82446206014,2329048.2874860615,2333248.111948122
20250609,4199.82446206014,2328976.880662367,2333176.7051244276
20250610,4199.82446206014,2337519.2991139954,2341719.1235760557
20250611,4199.82446206014,2345234.672725341,2349434.497187401
20250612,4199.82446206014,2347620.607750468,2351820.4322125283
20250613,4199.82446206014,2328395.1753685055,2332594.999830566
20250616,4199.82446206014,2355729.6384973433,2359929.4629594036
20250617,4199.82446206014,2353811.859046176,2358011.6835082364
20250618,4199.82446206014,2375670.175114761,2379869.9995768215
20250619,4199.82446206014,2367079.8444678895,2371279.66892995
20250620,4199.82446206014,2386219.762119806,2390419.5865818663
20250623,4199.82446206014,2390559.0720410077,2394758.896503068
20250624,4199.82446206014,2389694.949895925,2393894.7743579852
20250625,4199.82446206014,2414190.732193152,2418390.5566552123
20250626,4199.82446206014,2439661.035498457,2443860.8599605174
20250627,4199.82446206014,2397311.692943795,2401511.5174058555
20250630,4199.82446206014,2398045.300680307,2402245.1251423676
20250701,1966.8878663004289,2414552.63851555,2416519.5263818507
20250702,1966.8878663004289,2424194.045263603,2426160.9331299034
20250703,1966.8878663004289,2422576.386231865,2424543.2740981653
20250704,1966.8878663004289,2428500.7739758138,2430467.6618421143
20250707,1966.8878663004289,2426851.2892162865,2428818.177082587
20250708,1966.8878663004289,2433372.617173498,2435339.5050397986
20250709,1966.8878663004289,2442046.612851954,2444013.5007182546
20250710,1966.8878663004289,2454762.1266365354,2456729.014502836
20250711,1966.8878663004289,2449241.0620594267,2451207.949925727
20250714,1966.8878663004289,2474241.6791688497,2476208.5670351502
20250715,1966.8878663004289,2445710.905196907,2447677.7930632075
20250716,1966.8878663004289,2453809.500898483,2455776.3887647837
20250717,1966.8878663004289,2459830.957413458,2461797.8452797583
20250718,1966.8878663004289,2475060.95034515,2477027.8382114507
20250721,1966.8878663004289,2468800.1803642637,2470767.0682305642
20250722,1966.8878663004289,2492378.9888009573,2494345.876667258
20250723,1966.8878663004289,2493741.1782423034,2495708.066108604
20250724,1966.8878663004289,2497128.358748038,2499095.2466143384
20250725,1966.8878663004289,2484054.8831683025,2486021.771034603
20250728,1966.8878663004289,2466113.418932344,2468080.3067986444
20250729,1966.8878663004289,2456588.380253159,2458555.2681194595
20250730,1966.8878663004289,2470029.6702963463,2471996.558162647
20250731,1966.8878663004289,2445277.148157202,2447244.0360235027
20250801,836.6176146575599,2448929.1579927793,2449765.775607437
20250804,836.6176146575599,2451642.2505713333,2452478.868185991
20250805,836.6176146575599,2482324.2601182805,2483160.877732938
20250806,836.6176146575599,2482790.573100064,2483627.1907147216
20250807,836.6176146575599,2480199.4877477833,2481036.105362441
20250808,836.6176146575599,2482685.4164696997,2483522.0340843573
20250811,836.6176146575599,2487369.7452017455,2488206.362816403
20250812,836.6176146575599,2489332.818784663,2490169.4363993206
20250813,836.6176146575599,2500710.087523936,2501546.7051385934
20250814,836.6176146575599,2502432.576476658,2503269.194091316
20250815,836.6176146575599,2515395.4795847386,2516232.097199396
20250818,836.6176146575599,2523695.5104683232,2524532.128082981
20250819,836.6176146575599,2528280.7939229337,2529117.4115375914
20250820,836.6176146575599,2561537.718964394,2562374.336579052
20250821,836.6176146575599,2566382.873481038,2567219.4910956956
20250822,836.6176146575599,2555688.822463183,2556525.440077841
20250825,836.6176146575599,2566821.534012792,2567658.15162745
20250826,836.6176146575599,2560054.682890244,2560891.3005049014
20250827,836.6176146575599,2526511.2637406336,2527347.881355291
20250828,836.6176146575599,2511655.0441085557,2512491.6617232133
20250829,836.6176146575599,2514326.9985475973,2515163.616162255
20250901,465.33823492060947,2514193.713997732,2514659.0522326524
20250902,465.33823492060947,2504879.829193593,2505345.1674285135
20250903,465.33823492060947,2485083.145853279,2485548.4840881997
20250904,465.33823492060947,2496064.5808531637,2496529.9190880843
20250905,465.33823492060947,2509900.041287766,2510365.3795226864
20250908,465.33823492060947,2522941.3439932484,2523406.682228169
20250909,465.33823492060947,2530615.5485640685,2531080.886798989
20250910,465.33823492060947,2520236.5538996956,2520701.892134616
20250911,465.33823492060947,2536726.388449826,2537191.7266847463
20250912,465.33823492060947,2528988.321966575,2529453.6602014955
20250915,465.33823492060947,2515207.6635693777,2515673.0018042983
20250916,465.33823492060947,2507200.779392263,2507666.1176271834
20250917,465.33823492060947,2519288.1955814343,2519753.533816355
20250918,465.33823492060947,2497068.1991037414,2497533.537338662
20250919,465.33823492060947,2505403.2346117045,2505868.572846625
20250922,465.33823492060947,2511609.0472650314,2512074.385499952
20250923,465.33823492060947,2512511.199743584,2512976.5379785043
20250924,465.33823492060947,2564474.5921247834,2564939.930359704
20250925,465.33823492060947,2610826.7792845694,2611292.11751949
20250926,465.33823492060947,2678711.4658836997,2679176.80411862
20250929,465.33823492060947,2725341.019962672,2725806.3581975927
20250930,465.33823492060947,2701218.0978360735,2701683.436070994
20251009,71.23750659322104,2702376.9716288517,2702448.209135445
20251010,71.23750659322104,2737736.903478283,2737808.140984876
20251013,71.23750659322104,2718446.420515925,2718517.6580225183
20251014,71.23750659322104,2739411.8694029986,2739483.1069095917
20251015,71.23750659322104,2754508.076808893,2754579.3143154862
20251016,71.23750659322104,2757818.2501395033,2757889.4876460964
20251017,71.23750659322104,2737315.2842147877,2737386.5217213808
20251020,71.23750659322104,2744566.0427336087,2744637.280240202
20251021,71.23750659322104,2752762.7671771455,2752834.0046837386
20251022,71.23750659322104,2759139.491620682,2759210.7291272753
20251023,71.23750659322104,2784868.6990265767,2784939.93653317
20251024,71.23750659322104,2763604.7671771455,2763676.0046837386
20251027,71.23750659322104,2757315.835327714,2757387.0728343073
20251028,71.23750659322104,2722298.1108841775,2722369.3483907706
20251029,71.23750659322104,2723306.8694029986,2723378.1069095917
20251030,71.23750659322104,2712171.8694029986,2712243.1069095917
20251031,71.23750659322104,2716256.1108841775,2716327.3483907706
20251103,372.23265413647005,2716608.753432876,2716980.9860870126
20251104,372.23265413647005,2725722.4339191867,2726094.6665733233
20251105,372.23265413647005,2720420.753432876,2720792.9860870126
20251106,372.23265413647005,2727583.4339191867,2727955.6665733233
20251107,372.23265413647005,2733202.7700164486,2733575.002670585
20251110,372.23265413647005,2758037.4587945454,2758409.691448682
20251111,372.23265413647005,2764429.122697283,2764801.3553514197
20251112,372.23265413647005,2782501.483669904,2782873.7163240407
20251113,372.23265413647005,2779120.81147538,2779493.0441295165
20251114,372.23265413647005,2789439.803183594,2789812.0358377304
20251117,372.23265413647005,2769381.4587945454,2769753.691448682
20251118,372.23265413647005,2775131.1309890696,2775503.363643206
20251119,372.23265413647005,2761249.1309890696,2761621.363643206
20251120,372.23265413647005,2762432.147572642,2762804.380226779
20251121,372.23265413647005,2718937.1061137104,2719309.338767847
20251124,372.23265413647005,2711998.0729465657,2712370.3056007023
20251125,372.23265413647005,2717024.7617246625,2717396.994378799
20251126,372.23265413647005,2718351.442210973,2718723.6748651094
20251127,372.23265413647005,2722868.122697283,2723240.3553514197
20251128,372.23265413647005,2725806.4670863315,2726178.699740468
20251201,624.0718139227088,2745173.0,2745797.071813923
20251202,624.0718139227088,2757154.0,2757778.071813923
20251203,624.0718139227088,2745227.0,2745851.071813923
20251204,624.0718139227088,2725219.0,2725843.071813923
20251205,624.0718139227088,2746973.0,2747597.071813923
20251208,624.0718139227088,2729971.0,2730595.071813923
20251209,624.0718139227088,2727845.0,2728469.071813923
20251210,624.0718139227088,2707677.0,2708301.071813923
20251211,624.0718139227088,2624366.0,2624990.071813923
20251212,624.0718139227088,2611501.0,2612125.071813923
20251215,624.0718139227088,2620523.0,2621147.071813923
20251216,624.0718139227088,2645643.0,2646267.071813923
20251217,624.0718139227088,2624705.0,2625329.071813923
20251218,624.0718139227088,2637140.0,2637764.071813923
20251219,624.0718139227088,2642605.0,2643229.071813923
20251222,624.0718139227088,2628147.0,2628771.071813923
20251223,624.0718139227088,2627770.0,2628394.071813923
20251224,624.0718139227088,2648115.0,2648739.071813923
20251225,624.0718139227088,2659802.0,2660426.071813923
20251226,624.0718139227088,2645291.0,2645915.071813923
20251229,624.0718139227088,2649530.0,2650154.071813923
20251230,624.0718139227088,2627986.0,2628610.071813923
20251231,657.366843372818,2625061.0,2625718.366843373
