signal_date,trade_date,ts_code,side,shares,price,gross_amount,commission,stamp_duty,slippage,cash_after
20210129,20210201,600015.SH,buy,43900.0,4.554963174988517,199962.8833819959,59.988865014598765,0.0,99.93147595299524,799977.1277529895
20210129,20210201,600016.SH,buy,52400.0,3.8154476820488226,199929.4585393583,59.97883756180749,0.0,99.91477188374847,599987.6903760694
20210129,20210201,600657.SH,buy,54800.0,3.636318585582913,199270.25848994363,59.781077546983084,0.0,99.58533657668158,400657.6508085788
20210129,20210201,601328.SH,buy,62400.0,3.2106149046411643,200342.37004960864,60.10271101488259,0.0,100.12112446254469,200255.1780479553
20210129,20210201,601988.SH,buy,85300.0,2.338184761996904,199447.16019833589,59.83414805950076,0.0,99.67374322755495,748.1837015599012
20210226,20210301,600657.SH,sell,54800.0,3.867682515574014,211949.00185345596,63.584700556036786,105.97450092672798,106.02751468407223,212527.6263535331
20210226,20210301,600015.SH,buy,200.0,4.674437618922642,934.8875237845284,5.0,0.0,0.467210156813735,211587.73882974856
20210226,20210301,600016.SH,buy,700.0,3.8826473476817767,2717.8531433772437,5.0,0.0,1.3582474479644588,208864.88568637133
20210226,20210301,601169.SH,buy,58400.0,3.5157637825001524,205320.6048980089,61.596181469402666,0.0,102.60899795003934,3482.684606893017
20210226,20210301,601328.SH,buy,300.0,3.289800474038144,986.9401422114431,5.0,0.0,0.49322345937594037,2490.744464681574
20210226,20210301,601988.SH,buy,800.0,2.3898166021671825,1911.853281733746,5.0,0.0,0.9554489164083861,573.8911829478279
20210331,20210401,600015.SH,sell,200.0,4.7965802358769105,959.3160471753821,5.0,0.47965802358769105,0.47989797257400824,1527.7275720996222
20210331,20210401,601328.SH,sell,3500.0,3.566980546062544,12484.431911218904,5.0,6.242215955609452,6.245338624921715,14000.917267362916
20210331,20210401,601988.SH,sell,500.0,2.468482633513932,1234.241316756966,5.0,0.617120658378483,0.6174293730648515,15229.541463461504
20210331,20210401,600016.SH,buy,2800.0,3.7557146459306416,10516.001008605797,5.0,0.0,5.255372817893658,4708.540454855707
20210331,20210401,601169.SH,buy,1300.0,3.5304740912135415,4589.616318577604,5.0,0.0,2.2936613286237844,113.9241362781031
20210430,20210506,600016.SH,sell,55900.0,3.5058083098522466,195974.6845207406,58.79240535622217,97.9873422603703,98.03636044057203,195931.8289094021
20210430,20210506,601169.SH,sell,1200.0,3.504901972842964,4205.8823674115565,5.0,2.102941183705778,2.103993180296129,200130.60833562995
20210430,20210506,601328.SH,sell,200.0,3.4591081505162977,691.8216301032595,5.0,0.34591081505162974,0.3460838569801581,200817.08405491814
20210430,20210506,601988.SH,sell,500.0,2.402165189628483,1201.0825948142415,5.0,0.6005412974071207,0.6008417182661105,202012.56610843498
20210430,20210506,601077.SH,buy,65500.0,3.0830180113636363,201937.6797443182,60.58130392329545,0.0,100.91838068183279,14.305060193495592
20210531,20210601,600015.SH,sell,200.0,4.774201167902369,954.8402335804738,5.0,0.4774201167902369,0.4776589462633183,963.6678736571791
20210531,20210601,601169.SH,sell,400.0,3.6004234102579717,1440.1693641031886,5.0,0.7200846820515944,0.7204449045038928,2398.1171530783163
20210531,20210601,601077.SH,buy,400.0,3.1574870454545456,1262.9948181818183,5.0,0.0,0.631181818181858,1130.122334896498
20210531,20210601,601328.SH,buy,100.0,3.520158494102083,352.0158494102083,5.0,0.0,0.1759199647227092,773.1064854862896
20210531,20210601,601988.SH,buy,100.0,2.4488244195046436,244.88244195046437,5.0,0.0,0.12238003095973227,523.2240435358252
20210630,20210701,601077.SH,sell,100.0,3.1297908558238636,312.97908558238635,5.0,0.15648954279119318,0.15656782670458824,831.0466395754204
20210630,20210701,601169.SH,sell,500.0,3.5857278045018166,1792.8639022509083,5.0,0.8964319511254542,0.8968803913210195,2618.0141098752033
20210630,20210701,601328.SH,sell,700.0,3.531023080880462,2471.7161566163236,5.0,1.2358580783081619,1.236476316466451,5083.4944084132185
20210630,20210701,600015.SH,buy,1000.0,4.622167549701462,4622.167549701462,5.0,0.0,2.3099288104449442,456.32685871175636
20210630,20210701,601988.SH,buy,100.0,2.416099086687306,241.6099086687306,5.0,0.0,0.12074458204332927,209.71695004302575
20210730,20210802,601077.SH,sell,200.0,2.9572209339488635,591.4441867897727,5.0,0.29572209339488637,0.2958700284090128,795.8654147394036
20210730,20210802,601988.SH,sell,2300.0,2.3431544620743034,5389.255262770898,5.0,2.6946276313854494,2.6959756191945417,6177.426049878916
20210730,20210802,600015.SH,buy,700.0,4.294594226100649,3006.2159582704544,5.0,0.0,1.5023568007345602,3166.210091608462
20210730,20210802,601169.SH,buy,300.0,3.356598404676369,1006.9795214029107,5.0,0.0,0.503238141630618,2154.230570205551
20210730,20210802,601328.SH,buy,600.0,3.29976392900452,1979.858357402712,5.0,0.0,0.989434461470637,169.37221280283893
20210831,20210901,601077.SH,sell,65600.0,3.0513499822443184,200168.55883522728,60.050567650568176,100.08427941761364,100.13434659090126,200177.79620096195
20210831,20210901,600015.SH,sell,100.0,4.3922650744701786,439.22650744701787,5.0,0.21961325372350893,0.21972311528111277,200611.80309515525
20210831,20210901,601328.SH,sell,400.0,3.4042941351559923,1361.7176540623968,5.0,0.6808588270311984,0.6811994267445698,201967.8398903906
20210831,20210901,601169.SH,buy,500.0,3.403653522498934,1701.8267612494672,5.0,0.0,0.8504881365563506,200261.01312914115
20210831,20210901,601288.SH,buy,86300.0,2.300329186730872,198518.40881487427,59.55552264446228,0.0,99.20959960762411,1683.0487916224229
20210831,20210901,601988.SH,buy,700.0,2.376876698916408,1663.8136892414857,5.0,0.0,0.8314910990711724,14.235102380937178
20210930,20211008,601328.SH,sell,1100.0,3.4890163873883813,3837.9180261272195,5.0,1.9189590130636098,1.9199189725495671,3845.234169495093
20210930,20211008,600015.SH,buy,300.0,4.396659536775801,1318.9978610327403,5.0,0.0,0.6591693458433383,2521.2363084623526
20210930,20211008,601288.SH,buy,800.0,2.300329186730872,1840.2633493846977,5.0,0.0,0.9196718387727287,675.9729590776549
20210930,20211008,601988.SH,buy,100.0,2.392565654024767,239.2565654024767,5.0,0.0,0.11956849845196871,431.7163936751782
20211029,20211101,601169.SH,sell,500.0,3.470763699283525,1735.3818496417625,5.0,0.8676909248208813,0.8681249873143315,2161.23055239212
20211029,20211101,601328.SH,sell,100.0,3.512122456179032,351.2122456179032,5.0,0.1756061228089516,0.1756939697938833,2507.2671918872143
20211029,20211101,600015.SH,buy,100.0,4.404510714520045,440.4510714520045,5.0,0.0,0.22011547798700803,2061.81612043521
20211029,20211101,601288.SH,buy,600.0,2.292531460674157,1375.5188764044942,5.0,0.0,0.6874157303370794,681.2972440307158
20211029,20211101,601988.SH,buy,200.0,2.392565654024767,478.5131308049534,5.0,0.0,0.23913699690393742,197.78411322576238
20211130,20211201,601328.SH,sell,57400.0,3.51982447910925,202037.92510087095,60.61137753026128,101.01896255043548,101.06949729906046,202074.078874016
20211130,20211201,600015.SH,sell,300.0,4.415795065940555,1324.7385197821666,5.0,0.6623692598910833,0.6627006101959978,203393.15502453828
20211130,20211201,601169.SH,buy,300.0,3.4428661206844056,1032.8598362053217,5.0,0.0,0.516171832186501,202355.29518833297
20211130,20211201,601288.SH,buy,600.0,2.269138282504013,1361.4829695024077,5.0,0.0,0.6804012841089389,200988.81221883057
20211130,20211201,601988.SH,buy,200.0,2.384721176470588,476.94423529411756,5.0,0.0,0.2383529411764016,200506.86798353645
20211130,20211201,601998.SH,buy,56500.0,3.542696596387009,200162.357695866,60.048707308759795,0.0,100.03116326627787,284.46158036167617
20211231,20220104,601998.SH,sell,800.0,3.6335331547937875,2906.82652383503,5.0,1.453413261917515,1.4541403320831705,3184.834690934789
20211231,20220104,600015.SH,buy,600.0,4.396659536775801,2637.9957220654805,5.0,0.0,1.3183386916866766,541.8389688693082
20211231,20220104,601988.SH,buy,200.0,2.400410131578947,480.08202631578934,5.0,0.0,0.23992105263147323,56.75694255351891
20220128,20220207,601998.SH,sell,55700.0,3.688586687442178,205454.27849052934,61.6362835471588,102.72713924526467,102.77852850951604,205346.67201029047
20220128,20220207,601169.SH,sell,200.0,3.5491105096510993,709.8221019302199,5.0,0.35491105096510994,0.3550885952627141,206051.13920116972
20220128,20220207,600015.SH,buy,200.0,4.451617780985499,890.3235561970998,5.0,0.0,0.4449393084443045,205155.8156449726
20220128,20220207,601077.SH,buy,67300.0,3.046550923295454,205032.87713778406,61.50986314133521,0.0,102.4652059658838,61.428644047206035
20220228,20220301,601077.SH,sell,67300.0,3.0670381569602276,206411.66796342333,61.92350038902699,103.20583398171166,103.25746271305252,206307.96727309978
20220228,20220301,601288.SH,sell,88300.0,2.313609871589085,204291.7516613162,61.28752549839486,102.1458758306581,102.19697431783425,410436.2855330869
20220228,20220301,601988.SH,sell,100.0,2.437194106037152,243.71941060371518,5.0,0.1218597053018576,0.12192066563466142,410674.88308398536
20220228,20220301,600015.SH,buy,300.0,4.420213070008529,1326.0639210025588,5.0,0.0,0.6627006101962252,409343.8191629828
20220228,20220301,600016.SH,buy,67000.0,3.058143706569073,204895.62834012788,61.46868850203836,0.0,102.39661586211878,204386.7221343529
20220228,20220301,601229.SH,buy,38600.0,5.281865470869912,203880.0071755786,61.164002152673575,0.0,101.88905905824504,445.55095662162057
20220331,20220401,600016.SH,sell,67000.0,2.9769518714471803,199455.7753869611,59.83673261608832,99.72788769348055,99.7777765817591,199741.76172327314
20220331,20220401,601169.SH,sell,1000.0,3.572614552761371,3572.614552761371,5.0,1.7863072763806855,1.7872008768185879,203307.58996875814
20220331,20220401,601988.SH,sell,4600.0,2.5547436609907117,11751.820840557273,5.0,5.875910420278637,5.87884984520133,215048.53489889513
20220331,20220401,600015.SH,buy,200.0,4.341701292566105,868.340258513221,5.0,0.0,0.43395315268026025,214175.1946403819
20220331,20220401,601229.SH,buy,2100.0,4.987169114126097,10473.055139664802,5.0,0.0,5.233910614524575,203697.1395007171
20220331,20220401,601288.SH,buy,85000.0,2.3939018994114494,203481.6614499732,61.04449843499196,0.0,101.68998573211138,154.4335523089103
20220429,20220505,601229.SH,sell,40700.0,4.906696794360202,199702.55953046022,59.91076785913806,99.85127976523012,99.90123038040474,199697.23103514477
20220429,20220505,601169.SH,sell,500.0,3.572614552761371,1786.3072763806856,5.0,0.8931536381903428,0.8936004384092939,201477.64515788725
20220429,20220505,601288.SH,sell,600.0,2.391509193864812,1434.905516318887,5.0,0.7174527581594435,0.7178116639913696,202906.83322144797
20220429,20220505,601988.SH,sell,200.0,2.539070386996904,507.8140773993808,5.0,0.2539070386996904,0.25403405572757265,203409.39339180867
20220429,20220505,600015.SH,buy,500.0,4.271040692867922,2135.520346433961,5.0,0.0,1.0672265599368984,201268.8730453747
20220429,20220505,601818.SH,buy,78900.0,2.54699183323389,200957.65564215393,60.28729669264617,0.0,100.4286135143193,250.93010652813246
20220531,20220601,601288.SH,sell,600.0,2.3603494649545214,1416.2096789727127,5.0,0.7081048394863564,0.7084590690208188,1661.4316806613588
20220531,20220601,601988.SH,sell,400.0,2.499887202012384,999.9548808049535,5.0,0.49997744040247677,0.5002275541795598,2655.8865840259095
20220531,20220601,601169.SH,buy,500.0,3.4663936795956887,1733.1968397978444,5.0,0.0,0.8661653372303135,917.6897442280651
20220531,20220601,601818.SH,buy,300.0,2.4911017303102625,747.3305190930787,5.0,0.0,0.37347852028631223,165.35922513498645
20220630,20220701,600015.SH,sell,800.0,4.360394658486976,3488.3157267895813,5.0,1.7441578633947907,1.7450303785835786,3646.930794061173
20220630,20220701,601169.SH,sell,200.0,3.5569451906878564,711.3890381375713,5.0,0.3556945190687857,0.3558724552963213,4352.964137679675
20220630,20220701,601818.SH,sell,600.0,2.570038920047733,1542.0233520286397,5.0,0.7710116760143199,0.7713973747015643,5889.216478032301
20220630,20220701,601288.SH,buy,2400.0,2.354913269127876,5651.7918459069015,5.0,0.0,2.824483681111815,232.4246321253995
20220729,20220801,601288.SH,sell,86200.0,2.3819366684501517,205322.94082040308,61.59688224612092,102.66147041020155,102.71282682358287,205391.10709987214
20220729,20220801,601988.SH,sell,1200.0,2.5648953163699693,3077.874379643963,5.0,1.5389371898219815,1.5397070433436966,208462.4425423263
20220729,20220801,600015.SH,buy,200.0,4.289358357063184,857.8716714126368,5.0,0.0,0.42872147496871094,207599.57087091365
20220729,20220801,601169.SH,buy,400.0,3.497755635389393,1399.1022541557572,5.0,0.0,0.6992015263147096,206195.4686167579
20220729,20220801,601229.SH,buy,41600.0,4.796558293695131,199536.82501771746,59.861047505315234,0.0,99.71855323223281,6598.782551535114
20220729,20220801,601818.SH,buy,2600.0,2.4618687440334126,6400.858734486873,5.0,0.0,3.1988299522672605,192.9238170482413
20220831,20220901,601229.SH,sell,41600.0,4.743524896249003,197330.6356839585,59.19919070518755,98.66531784197926,98.71467517956626,197365.69499245955
20220831,20220901,600015.SH,sell,400.0,4.318548260612821,1727.4193042451284,5.0,0.8637096521225642,0.864141722983959,199087.25058705255
20220831,20220901,601988.SH,sell,300.0,2.5648953163699693,769.4685949109908,5.0,0.38473429745549537,0.38492676083592414,199851.33444766607
20220831,20220901,601169.SH,buy,300.0,3.4725314360957196,1041.759430828716,5.0,0.0,0.5206194057116136,198804.57501683736
20220831,20220901,601328.SH,buy,52400.0,3.7891511895050156,198551.5223300628,59.56545669901884,0.0,99.22614809096558,193.48723007552326
20220930,20221010,601988.SH,sell,77600.0,2.5901237948916416,200993.6064835914,60.29808194507741,100.4968032417957,100.54707678014529,201026.29882848007
20220930,20221010,601328.SH,sell,600.0,3.826779292250028,2296.067575350017,5.0,1.1480337876750084,1.1486080917206891,203316.21837004242
20220930,20221010,600015.SH,buy,900.0,4.205581826651794,3785.0236439866144,5.0,0.0,1.8915660389734512,199526.1947260558
20220930,20221010,601229.SH,buy,42000.0,4.699983294493216,197399.29836871507,59.21978951061452,0.0,98.65032402233919,2067.6765678301163
20220930,20221010,601818.SH,buy,800.0,2.41075728221957,1928.605825775656,5.0,0.0,0.9638210023865668,134.0707420544602
20221031,20221101,601229.SH,sell,42000.0,4.486248969672785,188422.456726257,56.52673701787709,94.2112283631285,94.25835754189757,188405.78950293045
20221031,20221101,601169.SH,sell,1000.0,3.3934636769571136,3393.4636769571134,5.0,1.6967318384785568,1.6975806287928208,191792.5564480491
20221031,20221101,600015.SH,buy,400.0,4.012895806705596,1605.1583226822383,5.0,0.0,0.8021780723047414,190182.39812536686
20221031,20221101,601818.SH,buy,100.0,2.3255715125298324,232.55715125298323,5.0,0.0,0.11622046539375219,189944.84097411387
20221031,20221101,601988.SH,buy,74900.0,2.533789868614551,189780.86115922988,56.93425834776896,0.0,94.84300907506258,107.04555653623538
20221130,20221201,600015.SH,sell,47500.0,4.410610335935962,209503.99095695818,62.85119728708745,104.75199547847909,104.80439767733333,209443.43332072886
20221130,20221201,601818.SH,sell,82100.0,2.570038920047733,211000.19533591886,63.30005860077566,105.50009766795944,105.55287410499295,420274.828500379
20221130,20221201,601077.SH,buy,67400.0,3.04241888671875,205059.03296484376,61.51770988945312,0.0,102.47827734376187,215154.27782564578
20221130,20221201,601169.SH,buy,300.0,3.6322846982889856,1089.6854094866958,5.0,0.0,0.5445704195337839,214059.59241615908
20221130,20221201,601288.SH,buy,84700.0,2.4262972578919206,205507.3777434457,61.6522133230337,0.0,102.70233770285267,8490.562459390349
20221130,20221201,601328.SH,buy,300.0,3.95497837504134,1186.493512512402,5.0,0.0,0.5929502811156908,7299.0689468779465
20221130,20221201,601988.SH,buy,2700.0,2.6516405601780186,7159.42951248065,5.0,0.0,3.5779257933436384,134.6394343972961
20221230,20230103,601169.SH,sell,300.0,3.6286542288254284,1088.5962686476284,5.0,0.5442981343238142,0.5445704195335566,1217.6914049106008
20221230,20230103,601288.SH,sell,800.0,2.4406463750668808,1952.5171000535047,5.0,0.9762585500267523,0.9767469234882356,3164.232246414079
20221230,20230103,601988.SH,sell,800.0,2.6658092304566567,2132.6473843653253,5.0,1.0663236921826627,1.0668571207429522,5290.813307087221
20221230,20230103,601077.SH,buy,1700.0,2.958605694247159,5029.62968022017,5.0,0.0,2.5135580610785837,256.1836268670513
20230131,20230201,601077.SH,sell,500.0,3.0142591619318186,1507.1295809659093,5.0,0.7535647904829547,0.7539417613636488,1757.5596430424778
20230131,20230201,601328.SH,sell,700.0,4.025573021717562,2817.901115202293,5.0,1.4089505576011465,1.4096553852937177,4569.0518076871695
20230131,20230201,601988.SH,sell,600.0,2.7078566946594433,1624.714016795666,5.0,0.8123570083978331,0.8127633900926412,6187.953467474437
20230131,20230201,601169.SH,buy,1300.0,3.5734282332704135,4645.456703251538,5.0,0.0,2.3215675678420666,1537.4967642228994
20230131,20230201,601288.SH,buy,600.0,2.4430882423756017,1465.852945425361,5.0,0.0,0.7325601926163472,66.64381879753842
20230228,20230301,601988.SH,sell,76200.0,2.7162661875000005,206979.48348750002,62.09384504625,103.48974174375002,103.54151249999995,206880.54371950758
20230228,20230301,601169.SH,sell,500.0,3.645453553958879,1822.7267769794396,5.0,0.9113633884897198,0.9118192981386528,208697.35913309854
20230228,20230301,601077.SH,buy,100.0,3.0340375674715907,303.4037567471591,5.0,0.0,0.15162606534090628,208388.95537635137
20230228,20230301,601288.SH,buy,300.0,2.459879226859283,737.9637680577848,5.0,0.0,0.3687974852862226,207645.99160829358
20230228,20230301,601398.SH,buy,57400.0,3.615425876226716,207525.44529541352,62.25763358862405,0.0,103.71086721410393,58.28867929143598
20230331,20230403,601288.SH,sell,84800.0,2.608388393971821,221191.33580881043,66.35740074264312,110.59566790440522,110.65099340109737,221072.6714194548
20230331,20230403,601328.SH,sell,51400.0,4.232649823246243,217558.2009148569,65.26746027445706,108.77910045742844,108.83351721602958,438456.82577357977
20230331,20230403,601398.SH,sell,57400.0,3.7462052713799316,215032.18257720806,64.50965477316241,107.51609128860403,107.56987622671295,653316.9826047261
20230331,20230403,600016.SH,buy,75600.0,2.8506864073119287,215511.8923927818,64.65356771783453,0.0,107.70209514879389,437740.4366442264
20230331,20230403,601077.SH,buy,1200.0,3.0843254829545454,3701.1905795454545,5.0,0.0,1.8496704545450484,434034.246064681
20230331,20230403,601169.SH,buy,900.0,3.707957296170006,3337.1615665530053,5.0,0.0,1.6677469098212896,430692.084498128
20230331,20230403,601229.SH,buy,44600.0,4.82874996009577,215362.24822027134,64.6086744660814,0.0,107.62731045490364,215265.22760339055
20230331,20230403,601997.SH,buy,45600.0,4.717359238617744,215111.58128096914,64.53347438429074,0.0,107.5020396206819,89.11284803712624
20230428,20230504,600016.SH,sell,900.0,3.0211837543941886,2719.0653789547696,5.0,1.359532689477385,1.3602127958752135,2801.8186943024184
20230428,20230504,601077.SH,sell,200.0,3.240328599076705,648.065719815341,5.0,0.3240328599076705,0.3241949573863394,3444.560381257852
20230428,20230504,601169.SH,sell,1200.0,3.956241068927724,4747.489282713269,5.0,2.3737446413566343,2.3749321074101317,8184.675919329764
20230428,20230504,601229.SH,buy,300.0,5.02994787509976,1508.984362529928,5.0,0.0,0.754115123703059,6670.691556799836
20230428,20230504,601997.SH,buy,1300.0,4.811535194379624,6254.99575269351,5.0,0.0,3.125934908891395,410.69580410632534
20230531,20230601,600016.SH,sell,74700.0,3.2523769548345607,242952.55852614169,72.8857675578425,121.47627926307085,121.53704778695828,243168.89228342712
20230531,20230601,601077.SH,sell,69700.0,3.305910138494319,230421.93665305403,69.1265809959162,115.21096832652702,115.2686026278243,473406.49138715875
20230531,20230601,600000.SH,buy,34900.0,6.5697369587489085,229283.8198603369,68.78514595810107,0.0,114.58461762132356,244053.88638086375
20230531,20230601,601166.SH,buy,16500.0,13.854845634808424,228604.952974339,68.58148589230169,0.0,114.24535381025635,15380.35192063247
20230531,20230601,601169.SH,buy,700.0,3.97749567983925,2784.246975887475,5.0,0.0,1.3914277740564103,12591.104944744995
20230531,20230601,601229.SH,buy,1500.0,4.966057206703911,7449.085810055866,5.0,0.0,3.7226815642452493,5137.019134689129
20230531,20230601,601997.SH,buy,700.0,4.844375199841121,3391.062639888785,5.0,0.0,1.6946839779557195,1740.956494800344
20230630,20230703,601169.SH,sell,57700.0,3.8979140798473684,224909.64240719317,67.47289272215795,112.45482120359658,112.51107674193918,226470.67118806776
20230630,20230703,601166.SH,sell,300.0,14.0729260851124,4221.87782553372,5.0,2.1109389127668603,2.111994910221256,230685.43807468872
20230630,20230703,601229.SH,sell,200.0,4.947511705240756,989.5023410481512,5.0,0.4947511705240756,0.494998669859001,231669.44566456636
20230630,20230703,601825.SH,buy,47700.0,4.754140588235293,226772.50605882346,68.03175181764703,0.0,113.3295882352686,4828.907853925251
20230630,20230703,601997.SH,buy,1000.0,4.665059133111563,4665.059133111563,5.0,0.0,2.3313638846129834,158.8487208136885
20230731,20230801,600000.SH,sell,34900.0,7.092923274173622,247543.0222686594,74.26290668059781,123.7715111343297,123.83342784826527,247503.83657165815
20230731,20230801,601997.SH,sell,700.0,5.139080532247655,3597.3563725733584,5.0,1.7986781862866792,1.7995779752741328,251094.39426604522
20230731,20230801,600919.SH,buy,37900.0,6.4583457178996735,244771.30270839762,73.43139081251928,0.0,122.32448910965468,6249.660166835063
20230731,20230801,601166.SH,buy,200.0,14.922523629471227,2984.5047258942454,5.0,0.0,1.4915066096423288,3260.1554409408177
20230731,20230801,601229.SH,buy,400.0,5.288367789305666,2115.3471157222666,5.0,0.0,1.057144985368268,1139.808325218551
20230831,20230901,600919.SH,sell,37900.0,6.353729055346456,240806.33119763067,72.24189935928919,120.40316559881533,120.46339729745523,241753.49445789112
20230831,20230901,601825.SH,sell,47700.0,5.062535339366517,241482.93568778285,72.44488070633486,120.74146784389143,120.80186877824599,483043.2437971238
20230831,20230901,600015.SH,buy,47700.0,4.9767670428449575,237391.78794370446,71.21753638311134,0.0,118.63657568398048,245580.23831703622
20230831,20230901,601077.SH,buy,69800.0,3.3995185120738634,237286.39214275565,71.1859176428267,0.0,118.58390411926666,8222.660256637726
20230831,20230901,601166.SH,buy,200.0,14.266687250812952,2853.3374501625904,5.0,0.0,1.4259557472078086,5364.322806475136
20230831,20230901,601997.SH,buy,1000.0,4.854916190854476,4854.916190854476,5.0,0.0,2.426244972940367,504.40661562066
20230928,20231009,601166.SH,sell,16600.0,14.575530588152128,241953.80776332534,72.5861423289976,120.97690388166268,121.0374225929263,242264.65133273532
20230928,20231009,601997.SH,sell,48900.0,5.021667444516161,245559.53803684027,73.66786141105207,122.77976901842014,122.84118961321656,487627.7417391461
20230928,20231009,601077.SH,sell,1200.0,3.576286246448864,4291.543495738637,5.0,2.1457717478693183,2.146845170454071,491912.1394631369
20230928,20231009,600015.SH,buy,300.0,5.1023071123942,1530.69213371826,5.0,0.0,0.7649635850666527,490376.4473294186
20230928,20231009,601169.SH,buy,58900.0,4.161758338914937,245127.5661620898,73.53826984862692,0.0,122.50253181514563,245175.3428974802
20230928,20231009,601818.SH,buy,88300.0,2.775044346658711,245036.41580996418,73.51092474298925,0.0,122.45697941526305,65.41616277303547
20231031,20231101,601077.SH,sell,68600.0,3.8285180220170454,262636.3363103693,78.79090089311079,131.31816815518465,131.38386008521775,262491.64340409404
20231031,20231101,600015.SH,buy,900.0,5.030569929794632,4527.512936815169,5.0,0.0,2.2626251558294825,257959.13046727885
20231031,20231101,601166.SH,buy,18100.0,13.538978392301711,245055.50890066096,73.51665267019828,0.0,122.4665211897227,12830.104913947696
20231031,20231101,601169.SH,buy,800.0,4.116717664251355,3293.374131401084,5.0,0.0,1.6458641336339497,9531.730782546612
20231031,20231101,601229.SH,buy,300.0,5.236689928172386,1571.006978451716,5.0,0.0,0.785110933758915,7955.723804094896
20231031,20231101,601818.SH,buy,2600.0,2.7024941676610976,7026.484835918854,5.0,0.0,3.511486674621665,924.2389681760424
20231130,20231201,600015.SH,sell,2200.0,5.204705577061873,11450.35226953612,5.0,5.72517613476806,5.7280401548432565,12363.866061577395
20231130,20231201,601169.SH,sell,300.0,4.085605610018471,1225.6816830055411,5.0,0.6128408415027705,0.6131474152102783,13583.934903741434
20231130,20231201,601166.SH,buy,300.0,13.116727573165559,3935.0182719496675,5.0,0.0,1.9665258730383357,9643.916631791766
20231130,20231201,601229.SH,buy,800.0,5.081656344772546,4065.325075818037,5.0,0.0,2.0316467145512433,5573.59155597373
20231130,20231201,601818.SH,buy,1700.0,2.6208752162887827,4455.48786769093,5.0,0.0,2.226630618535637,1113.1036882827993
20231229,20240102,600015.SH,sell,46700.0,5.043458244209698,235529.5000045929,70.65885000137787,117.76475000229645,117.82366183318663,236454.18009287203
20231229,20240102,601166.SH,sell,18400.0,13.390819973844197,246391.08751873323,73.91732625561997,123.19554375936661,123.25717234553304,482648.15474159026
20231229,20240102,601229.SH,sell,400.0,5.145412173450387,2058.164869380155,5.0,1.0290824346900775,1.0295972333065038,484700.2905285357
20231229,20240102,601818.SH,sell,300.0,2.636375067124105,790.9125201372315,5.0,0.39545626006861573,0.39565408711223427,485485.80759241286
20231229,20240102,601169.SH,buy,200.0,4.08068512452049,816.137024904098,5.0,0.0,0.40786458016202687,484664.6705675088
20231229,20240102,601916.SH,buy,106200.0,2.284026863892501,242563.6529453836,72.76909588361508,0.0,121.22121586475987,242028.24852624157
20231229,20240102,601997.SH,buy,52000.0,4.6469775085646186,241642.83044536016,72.49284913360805,0.0,120.76103470529779,312.9252317477949
20240131,20240201,601916.SH,sell,106200.0,2.426043992920098,257645.87204811443,77.29376161443432,128.8229360240572,128.88737971390947,257752.68058222372
20240131,20240201,601169.SH,sell,2800.0,4.5805578314964785,12825.56192819014,5.0,6.41278096409507,6.415988958573507,270566.82972944976
20240131,20240201,601818.SH,sell,700.0,2.8447483542163883,1991.3238479514719,5.0,0.9956619239757359,0.9961600039775931,272552.15791547723
20240131,20240201,600015.SH,buy,48000.0,5.416157286267305,259975.54974083064,77.99266492224919,0.0,129.92281346366508,12498.615509724332
20240131,20240201,601229.SH,buy,100.0,5.503692210694333,550.3692210694334,5.0,0.0,0.27504708699120783,11943.246288654898
20240131,20240201,601997.SH,buy,2500.0,4.7645080681197545,11911.270170299385,5.0,0.0,5.952658755770244,26.97611835551288
20240229,20240301,600015.SH,sell,48000.0,5.661573020143035,271755.5049668657,81.5266514900597,135.87775248343286,135.94572534610052,271565.07668124774
20240229,20240301,601997.SH,sell,54500.0,4.967476788640088,270727.48498088476,81.21824549426542,135.36374249044238,135.43145821953658,542075.9796741479
20240229,20240301,600000.SH,buy,40100.0,6.678514615662759,267808.4360880766,80.34253082642297,0.0,133.83729939430486,274187.2010552449
20240229,20240301,600016.SH,buy,75800.0,3.527165331560216,267359.1321322644,80.2077396396793,0.0,133.61275968630798,6747.861183340836
20240229,20240301,601169.SH,buy,500.0,4.675222030079767,2337.6110150398836,5.0,0.0,1.1682213968215365,4405.250168300952
20240229,20240301,601229.SH,buy,500.0,5.61566090981644,2807.83045490822,5.0,0.0,1.4032136206437826,1592.4197133927323
20240229,20240301,601818.SH,buy,500.0,2.920144704653938,1460.072352326969,5.0,0.0,0.7296713404930415,127.34736106576338
20240329,20240401,601169.SH,sell,57300.0,5.120505709472488,293404.9771527736,88.02149314583207,146.7024885763868,146.77587651461363,293297.60053211707
20240329,20240401,601818.SH,sell,92100.0,2.826628937947494,260332.52518496418,78.09975755548925,130.1662625924821,130.23137828163453,553421.8596969333
20240329,20240401,601229.SH,sell,500.0,5.790739787177442,2895.369893588721,5.0,1.4476849467943604,1.448409151370015,556310.7819055752
20240329,20240401,600000.SH,buy,700.0,6.697248176997017,4688.073723897912,5.0,0.0,2.342865429233825,551617.7081816773
20240329,20240401,600015.SH,buy,46900.0,5.8196789383898695,272942.9422104849,81.88288266314545,0.0,136.4032694704947,278592.8830885292
20240329,20240401,600016.SH,buy,1600.0,3.535895938816553,5657.433502106484,5.0,0.0,2.8273030995023873,272930.44958642276
20240329,20240401,601997.SH,buy,55800.0,4.882038627674892,272417.755424259,81.7253266272777,0.0,136.14080730848946,430.96883553650696
20240430,20240506,600000.SH,sell,40800.0,7.317501319793896,298554.053847591,89.56621615427728,149.2770269237955,149.3517027751077,298746.17944004945
20240430,20240506,601229.SH,sell,1800.0,6.32421061452514,11383.579106145253,5.0,5.691789553072627,5.6946368715071,310119.0667566416
20240430,20240506,600015.SH,buy,500.0,6.070759077488353,3035.3795387441764,5.0,0.0,1.5169313037199572,307078.68721789744
20240430,20240506,600016.SH,buy,5800.0,3.466051080765856,20103.096268441965,6.0309288805325885,0.0,10.04652487178464,286969.56002057495
20240430,20240506,601166.SH,buy,18700.0,15.272901968754418,285603.2668157076,85.68098004471227,0.0,142.7302682736772,1280.612224822631
20240531,20240603,601166.SH,sell,18700.0,16.056418856037045,300255.03260789276,90.07650978236782,150.12751630394638,150.2026176127256,301295.4408066291
20240531,20240603,601229.SH,sell,1700.0,6.720011550944401,11424.01963660548,5.0,5.71200981830274,5.714867251928808,312708.74843341624
20240531,20240603,600015.SH,buy,600.0,6.1783648513877045,3707.0189108326226,5.0,0.0,1.8525831638344243,308996.7295225836
20240531,20240603,600016.SH,buy,4000.0,3.4049368299714953,13619.74731988598,5.0,0.0,6.806470424729923,295371.9822026976
20240531,20240603,601916.SH,buy,109400.0,2.6902767013437363,294316.27112700476,88.29488133810142,0.0,147.084593266889,967.416194354766
20240531,20240603,601997.SH,buy,100.0,5.297915992254605,529.7915992254606,5.0,0.0,0.2647634179038505,432.6245951293055
20240628,20240701,601229.SH,sell,43900.0,6.674352029795158,293004.05410800746,87.90121623240223,146.50202705400375,146.5753147113137,293202.2754598503
20240628,20240701,601916.SH,sell,109400.0,2.6386453402687473,288667.80022540095,86.60034006762028,144.3339001127005,144.40610316430684,581639.141445071
20240628,20240701,600015.SH,sell,500.0,6.0932021209238245,3046.6010604619123,5.0,1.5233005302309561,1.5240625615115277,584679.2192050026
20240628,20240701,600016.SH,buy,600.0,3.3001695428954494,1980.1017257372696,5.0,0.0,0.9895560848260629,582694.1174792654
20240628,20240701,601169.SH,buy,54500.0,5.260750800706326,286710.91863849474,86.01327559154842,0.0,143.28381741046906,295897.18556517916
20240628,20240701,601818.SH,buy,100700.0,2.865732070405728,288579.2194898568,86.57376584695703,0.0,144.21750099444762,7231.392309475399
20240628,20240701,601997.SH,buy,1400.0,5.0236763641328634,7033.146909786009,5.0,0.0,3.5148160468697824,193.24539968939007
20240731,20240801,601169.SH,sell,54500.0,5.0670627169213915,276154.91807221586,82.84647542166475,138.07745903610794,138.14653230219847,276127.2395374475
20240731,20240801,601818.SH,sell,5400.0,3.0169255479315833,16291.39795883055,5.0,8.145698979415275,8.14977386634564,292405.49179729866
20240731,20240801,600015.SH,buy,600.0,5.985114938324257,3591.068962994554,5.0,0.0,1.794637162915933,288809.4228343041
20240731,20240801,601186.SH,buy,35500.0,8.064673886138614,286295.9229579208,85.88877688737624,0.0,143.07642326736823,2427.6110994959017
20240731,20240801,601997.SH,buy,400.0,5.004611178690234,2001.8444714760935,5.0,0.0,1.0004220247255944,420.7666280198082
20240830,20240902,601818.SH,sell,95300.0,2.931000453212013,279324.3431911048,83.79730295733144,139.66217159555242,139.7320376143325,279521.65034457174
20240830,20240902,600015.SH,sell,800.0,5.827040405813268,4661.6323246506145,5.0,2.3308161623253074,2.331982153401441,284175.95185306005
20240830,20240902,600016.SH,sell,600.0,3.170940810111129,1902.5644860666775,5.0,0.9512822430333387,0.9517581220943612,286072.5650568837
20240830,20240902,000001.SZ,buy,29200.0,9.408041854399707,274714.82214847143,82.41444664454143,0.0,137.28876669082092,11275.328461767698
20240830,20240902,601186.SH,buy,1300.0,7.465859777227723,9705.61771039604,5.0,0.0,4.850383663364482,1564.7107513716583
20240830,20240902,601997.SH,buy,300.0,4.7853615460999945,1435.6084638299983,5.0,0.0,0.717445509160143,124.10228754165996
20240930,20241008,000001.SZ,sell,29200.0,12.472699134971625,364202.8147411715,109.26084442235144,182.10140737058575,182.1925036223256,364035.55477692024
20240930,20241008,601186.SH,sell,36800.0,9.45566584158416,347968.5029702971,104.39055089108913,173.98425148514858,174.07128712866688,711725.6829448411
20240930,20241008,600015.SH,sell,800.0,7.747207064825144,6197.765651860115,5.0,3.098882825930058,3.100433042450277,717915.3497138753
20240930,20241008,601997.SH,sell,600.0,6.2852228290551615,3771.133697433097,5.0,1.8855668487165484,1.8865101037681598,721679.5978444597
20240930,20241008,600016.SH,buy,1100.0,4.081002862094714,4489.103148304185,5.0,0.0,2.2434298592224877,717185.4946961555
20240930,20241008,601169.SH,buy,60300.0,5.958802061133776,359315.7642863667,107.79472928591,0.0,179.5680980941397,357761.9356805029
20240930,20241008,601818.SH,buy,96200.0,3.7175892698389017,357632.08775850234,107.28962632755069,0.0,178.72668053896632,22.558295672992244
20241031,20241101,601169.SH,sell,1200.0,5.381372998234185,6457.647597881022,5.0,3.2288237989405113,3.230439018449033,6471.977069755074
20241031,20241101,601997.SH,sell,1300.0,5.67574667593466,7378.470678715059,5.0,3.6892353393575297,3.6910808797974823,13841.758513130775
20241031,20241101,600015.SH,buy,500.0,6.75585311003215,3377.926555016075,5.0,0.0,1.6881192178989295,10458.8319581147
20241031,20241101,600016.SH,buy,2700.0,3.4980024532240397,9444.606623704907,5.0,0.0,4.719943340181999,1009.2253344097935
20241031,20241101,601818.SH,buy,300.0,3.2970907406026253,989.1272221807876,5.0,0.0,0.4943164528639272,15.098112229005892
20241129,20241202,600015.SH,sell,47000.0,7.214883634604029,339099.5308263894,101.7298592479168,169.5497654131947,169.6345827045152,338843.34931395727
20241129,20241202,600016.SH,sell,3200.0,3.7874839384459427,12119.948603027016,5.0,6.059974301513508,6.0630058044152975,350952.23794268275
20241129,20241202,601169.SH,buy,1900.0,5.453495646349632,10361.6417280643,5.0,0.0,5.178231748157486,340585.5962146185
20241129,20241202,601916.SH,buy,119400.0,2.7848334200260076,332509.11035110534,99.75273310533159,0.0,166.17146944080014,7976.733130407811
20241129,20241202,601997.SH,buy,1300.0,5.776751189116727,7509.776545851745,5.0,0.0,3.7530117670421532,461.95658455606554
20241231,20250102,600016.SH,sell,87800.0,3.9596422992843943,347656.5938771698,104.29697816315094,173.8282969385849,173.91525456582895,347840.4251866242
20241231,20250102,601169.SH,sell,2200.0,5.867125251172138,12907.675552578703,5.0,6.453837776289352,6.4570663094436895,360736.64690142666
20241231,20250102,601818.SH,sell,3300.0,3.6947790729415275,12192.770940707042,5.0,6.096385470353521,6.099435187947165,372918.32145666337
20241231,20250102,600015.SH,buy,45000.0,7.650290000656124,344263.0500295256,103.27891500885767,0.0,172.04550226358697,28551.992512128898
20241231,20250102,601916.SH,buy,4700.0,2.7944032943216297,13133.69548331166,5.0,0.0,6.563565958675099,15413.297028817238
20241231,20250102,601997.SH,buy,2600.0,5.729088225510154,14895.6293863264,5.0,0.0,7.444092646839636,512.6676424908383
20250127,20250205,601818.SH,sell,93200.0,3.7853667119132854,352796.1775503182,105.83885326509545,176.3980887751591,176.48633194115246,353026.60825076874
20250127,20250205,601169.SH,sell,100.0,5.821863840345857,582.1863840345858,5.0,0.2910931920172929,0.2912388114228861,353603.5035416113
20250127,20250205,601916.SH,sell,1200.0,2.791610287530704,3349.9323450368447,5.0,1.6749661725184224,1.6758040745553444,356946.76092047564
20250127,20250205,000001.SZ,buy,31200.0,10.924791673725696,340853.5002202417,102.2560500660725,0.0,170.34157932043308,15991.00465016783
20250127,20250205,600015.SH,buy,1500.0,7.328903746473328,10993.355619709992,5.0,0.0,5.493930844431816,4992.649030457838
20250127,20250205,601997.SH,buy,700.0,5.6432948910183205,3950.306423712824,5.0,0.0,1.9741661287912393,1037.342606745014
20250228,20250303,600015.SH,sell,46500.0,6.994034203792403,325222.5904763467,97.56677714290402,162.61129523817337,162.69264155894052,325999.7550107106
20250228,20250303,601169.SH,sell,58700.0,5.685793566948792,333756.0823798941,100.12682471396822,166.87804118994706,166.96152195089962,659488.8325247008
20250228,20250303,000001.SZ,sell,700.0,10.93285298926879,7652.997092488153,5.0,3.8264985462440766,3.8284127526194425,667133.0031186427
20250228,20250303,601916.SH,sell,500.0,2.7342484323074703,1367.1242161537352,5.0,0.6835621080768677,0.6839040601066699,668494.4437726884
20250228,20250303,600016.SH,buy,84600.0,3.9348821548416457,332891.03029960324,99.86730908988096,0.0,166.36233398283366,335503.5461639953
20250228,20250303,601668.SH,buy,63300.0,5.258724068224891,332877.23351863556,99.86317005559066,0.0,166.35543903982034,2526.449475304107
20250228,20250303,601997.SH,buy,400.0,5.471708222034655,2188.683288813862,5.0,0.0,1.0937947470329163,332.7661864902452
20250331,20250401,000001.SZ,sell,30500.0,10.695594894883616,326215.6442939503,97.86469328818508,163.10782214697514,163.18941685539903,326287.4379650054
20250331,20250401,601916.SH,sell,5000.0,2.8107309059384487,14053.654529692243,5.0,7.026827264846122,7.0303424360627105,340329.0656674328
20250331,20250401,601997.SH,sell,2000.0,5.599562156794598,11199.124313589196,5.0,5.599562156794598,5.602363338462965,351517.5904188652
20250331,20250401,600016.SH,buy,3600.0,3.733829781966525,13441.78721507949,5.0,0.0,6.717534840117878,338070.80320378573
20250331,20250401,601186.SH,buy,42800.0,7.688000495049505,329046.4211881188,98.71392635643564,0.0,164.4409900989849,8925.668089310464
20250331,20250401,601668.SH,buy,1700.0,5.048375105495895,8582.237679343021,5.0,0.0,4.288974352493824,338.43040996744276
20250430,20250506,601186.SH,sell,42800.0,7.554884034653466,323349.0366831684,97.00471100495051,161.6745183415842,161.7553960395744,323428.78786378924
20250430,20250506,600016.SH,sell,600.0,3.806612645205771,2283.9675871234626,5.0,1.1419837935617314,1.142555071096922,325706.61346711917
20250430,20250506,601668.SH,sell,2300.0,5.2916750120025275,12170.852527605814,5.0,6.085426263802907,6.088470499053074,337866.3805684612
20250430,20250506,601916.SH,sell,500.0,2.868092761161682,1434.046380580841,5.0,0.7170231902904205,0.7173818812309491,339294.7099258517
20250430,20250506,000001.SZ,buy,32000.0,10.373802180616053,331961.66977971373,99.5885009339141,0.0,165.89788594690617,7233.451645204099
20250430,20250506,601997.SH,buy,1300.0,5.51937118564123,7175.182541333599,5.0,0.0,3.58579837148136,53.26910387049975
20250530,20250603,600016.SH,sell,2600.0,4.150929366882675,10792.416353894954,5.0,5.396208176947477,5.398907630762551,10835.289249588506
20250530,20250603,601916.SH,sell,1500.0,3.068859254443,4603.2888816645,5.0,2.30164444083225,2.3027958387510807,15431.276486812174
20250530,20250603,000001.SZ,buy,100.0,10.962790949112568,1096.2790949112568,5.0,0.0,0.5478656146483445,14329.997391900917
20250530,20250603,601668.SH,buy,2200.0,5.421266448515477,11926.78618673405,5.0,0.0,5.960412886923223,2398.2112051668664
20250530,20250603,601997.SH,buy,300.0,5.814881560001985,1744.4644680005954,5.0,0.0,0.8717963358321867,648.746737166271
20250630,20250701,600016.SH,sell,85000.0,4.543067855459149,386160.7677140276,115.84823031420827,193.0803838570138,193.17697234317893,386500.58583702263
20250630,20250701,601916.SH,sell,115400.0,3.3883050000000003,391010.39700000006,117.3031191,195.50519850000003,195.6029999999446,777198.1745194227
20250630,20250701,601186.SH,buy,48900.0,7.745950247524752,378776.9671039604,113.63309013118811,0.0,189.2938366336748,398307.57432533114
20250630,20250701,601390.SH,buy,70800.0,5.357945660079882,379342.55273365567,113.8027658200967,0.0,189.57648812275147,18851.21882585535
20250630,20250701,601668.SH,buy,3400.0,5.536002246367657,18822.407637650034,5.64672229129501,0.0,9.40650056854065,23.164465914022003
20250731,20250801,000001.SZ,sell,32100.0,11.980110853993999,384561.55841320736,115.3684675239622,192.28077920660368,192.3769676904776,384277.0736323908
20250731,20250801,601186.SH,sell,48900.0,8.045975,393448.1775,118.03445324999998,196.72408875,196.82250000006752,777410.4925903908
20250731,20250801,601390.SH,sell,70800.0,5.603866134818863,396753.72234517545,119.02611670355263,198.37686117258772,198.4760992222582,1173846.8119576902
20250731,20250801,000498.SZ,buy,66600.0,5.854746996805111,389926.1499872204,116.97784499616611,0.0,194.86564217257546,783803.6841254736
20250731,20250801,600015.SH,buy,48800.0,7.963979999999999,388642.224,116.59266719999998,0.0,194.22399999998743,395044.8674582736
20250731,20250801,601668.SH,buy,900.0,5.652825,5087.5425,5.0,0.0,2.5424999999995634,389952.3249582736
20250731,20250801,601818.SH,buy,95800.0,4.062029999999999,389142.47399999993,116.74274219999997,0.0,194.47399999998743,693.1082160737133
20250731,20250801,601997.SH,buy,100.0,6.3931949999999995,639.3195,5.0,0.0,0.31949999999994816,48.78871607371332
20250829,20250901,601818.SH,sell,95800.0,3.7981000000000003,363857.98000000004,109.157394,181.92899000000003,182.01999999996042,363615.6823320738
20250829,20250901,601997.SH,sell,60800.0,6.17691,375556.128,112.6668384,187.77806400000003,187.87199999997392,738871.3654296738
20250829,20250901,000498.SZ,sell,4300.0,6.117466892971246,26305.107639776357,7.891532291932906,13.15255381988818,13.159133386579924,765155.4289833383
20250829,20250901,601668.SH,sell,1000.0,5.617190000000001,5617.1900000000005,5.0,2.8085950000000004,2.8099999999994907,770764.8103883383
20250829,20250901,600015.SH,buy,1400.0,7.58379,10617.305999999999,5.0,0.0,5.305999999998676,760142.5043883383
20250829,20250901,600269.SH,buy,74900.0,5.072535,379932.8715,113.97986144999999,0.0,189.87150000000838,380095.6530268883
20250829,20250901,601169.SH,buy,62300.0,6.093044999999999,379596.70349999995,113.87901104999997,0.0,189.70349999994505,385.0705158383935
20250930,20251009,000498.SZ,sell,62300.0,6.117466892971246,381118.1874321086,114.33545622963257,190.55909371605432,190.65442092646845,381198.36339800135
20250930,20251009,600269.SH,sell,74900.0,4.83758,362334.742,108.7004226,181.16737100000003,181.25799999997253,743243.2376044013
20250930,20251009,601668.SH,sell,2600.0,5.45727,14188.902,5.0,7.094451,7.097999999999956,757420.0451534013
20250930,20251009,600015.SH,buy,4200.0,6.58329,27649.818,8.2949454,0.0,13.817999999999302,729761.9322080014
20250930,20251009,601169.SH,buy,2900.0,5.492745,15928.960500000001,5.0,0.0,7.960500000001048,713827.9717080013
20250930,20251009,601818.SH,buy,106300.0,3.36168,357346.584,107.20397519999999,0.0,178.58399999997346,356374.18373280135
20250930,20251009,601997.SH,buy,61700.0,5.772885,356187.0045,106.85610134999999,0.0,178.0044999999809,80.32313145138323
20251031,20251103,601668.SH,sell,65600.0,5.447275,357341.24000000005,107.20237200000001,178.67062000000004,178.7599999999511,357135.6901394514
20251031,20251103,601818.SH,sell,106300.0,3.33833,354864.479,106.45934369999999,177.4322395,177.52100000000792,711716.2775562515
20251031,20251103,600015.SH,sell,800.0,6.796600000000001,5437.280000000001,5.0,2.71864,2.719999999999345,717145.8389162516
20251031,20251103,601997.SH,sell,1800.0,6.086955000000001,10956.519,5.0,5.4782595,5.480999999999767,728091.8796567515
20251031,20251103,000001.SZ,buy,32000.0,11.345669999999998,363061.43999999994,108.91843199999997,0.0,181.43999999994412,364921.5212247516
20251031,20251103,601186.SH,buy,45800.0,7.963979999999999,364750.284,109.42508519999998,0.0,182.2839999999851,61.81213955162093
20251128,20251201,601169.SH,sell,65200.0,5.67716,370150.832,111.04524959999999,185.075416,185.16800000000512,369916.5234739516
20251128,20251201,000001.SZ,sell,500.0,11.5942,5797.1,5.0,2.89855,2.899999999999636,375705.7249239516
20251128,20251201,600015.SH,sell,900.0,6.926535,6233.8815,5.0,3.1169407500000004,3.1184999999995853,381931.4894832016
20251128,20251201,601186.SH,buy,1600.0,7.733865,12374.184,5.0,0.0,6.183999999999287,369552.3054832016
20251128,20251201,601668.SH,buy,70200.0,5.192595,364520.169,109.35605069999998,0.0,182.1689999999944,4922.780432501575
20251128,20251201,601997.SH,buy,800.0,6.013005,4810.4039999999995,5.0,0.0,2.4039999999995416,107.37643250157544
20251230,20251231,601668.SH,sell,70200.0,5.15742,362050.884,108.6152652,181.02544200000003,181.11599999997998,361868.6197253016
20251230,20251231,000001.SZ,sell,100.0,11.474260000000001,1147.4260000000002,5.0,0.5737130000000001,0.5739999999998417,363010.4720123016
20251230,20251231,601186.SH,sell,300.0,7.686155000000001,2305.8465000000006,5.0,1.1529232500000004,1.1534999999994398,365310.1655890516
20251230,20251231,601169.SH,buy,65700.0,5.48274,360216.018,108.06480539999998,0.0,180.01799999998184,4986.082783651655
20251230,20251231,601997.SH,buy,800.0,5.86293,4690.344,5.0,0.0,2.344000000000051,290.73878365165456
